series,role,first,last,rows,missing_values
DGS1MO,Treasury 0.083y,2005-01-03,2026-09-24,5669,232
DGS3MO,Treasury 0.25y,2005-01-03,2026-09-24,5669,232
DGS6MO,Treasury 0.5y,2005-01-03,2026-09-24,5669,232
DGS1,Treasury 1y,2005-01-03,2026-09-24,5669,232
DGS2,Treasury 2y,2005-01-03,2026-09-24,5669,232
DGS3,Treasury 3y,2005-01-03,2026-09-24,5669,232
DGS5,Treasury 5y,2005-01-03,2026-09-24,5669,232
DGS7,Treasury 7y,2005-01-03,2026-09-24,5669,232
DGS10,Treasury 10y,2005-01-03,2026-09-24,5669,232
DGS20,Treasury 20y,2005-01-03,2026-09-24,5669,232
DGS30,Treasury 30y,2005-01-03,2026-09-24,5669,232
DEXUSEU,EURUSD,2005-01-03,2026-09-18,5665,224
ECBDFR,ECB deposit rate,2005-01-01,2026-09-25,7938,0
DCOILWTICO,WTI spot,2005-01-03,2026-09-22,5667,346
BAMLC0A2CAA,AA corporate OAS,2023-09-26,2026-09-24,795,8
BAMLC0A3CA,A corporate OAS,2023-09-26,2026-09-24,795,8
BAMLC0A4CBBB,BBB corporate OAS,2023-09-26,2026-09-24,795,8
BAMLH0A1HYBB,BB corporate OAS,2023-09-26,2026-09-24,795,8
BAMLH0A2HYB,B corporate OAS,2023-09-26,2026-09-24,795,8
