tenor_yrs,series,cmt_yield_pct,zero_rate_cc,discount_factor
0.0833,DGS1MO,3.97,0.03931111531688242,0.9967307398012131
0.25,DGS3MO,4.14,0.040977332854631204,0.9898079612415536
0.5,DGS6MO,4.24,0.04195681277038363,0.9792401096748922
1,DGS1,4.44,0.043914334704084276,0.9570359387284154
2,DGS2,4.76,0.04704239008269173,0.910205591588955
3,DGS3,4.83,0.047726000529055006,0.866599799026092
5,DGS5,4.86,0.04801890492070371,0.7865535088939797
7,DGS7,4.93,0.04870218172766203,0.7111191572913582
10,DGS10,5.01,0.04948278377689418,0.6096758614180062
20,DGS20,5.38,0.05308911044422442,0.34583890359842206
30,DGS30,5.34,0.052699550645563926,0.20577199997804027
