t,EE,PFE,EE_disc,basis,cpty
0,500000,500000,500000,With collateral,BANK_A
0.08333333333333333,431326.58236269176,937175.1491065394,429914.27344491985,With collateral,BANK_A
0.16666666666666666,372476.0396517473,918723.5706206255,369998.8028850003,With collateral,BANK_A
0.25,353082.7313843007,912625.3003243019,349502.65918912884,With collateral,BANK_A
0.3333333333333333,339303.2632887547,933476.6819473417,334687.3381286097,With collateral,BANK_A
0.41666666666666663,320587.14796348644,917188.4344675234,315111.33278973674,With collateral,BANK_A
0.5,318470.6098959727,924179.594523403,311916.2144543362,With collateral,BANK_A
0.5833333333333333,310046.3023764569,925141.5663225095,302560.9636936018,With collateral,BANK_A
0.6666666666666666,297648.6116849971,901235.5454509971,289400.3650253706,With collateral,BANK_A
0.75,298067.6265336465,919642.9693592737,288723.498272921,With collateral,BANK_A
0.8333333333333333,298672.18020948814,953092.8934551647,288234.7688305081,With collateral,BANK_A
0.9166666666666666,288985.9674057225,953336.2957146623,277804.36174188775,With collateral,BANK_A
1,284840.582922461,924305.4931839851,272795.7982396358,With collateral,BANK_A
1.0833333333333333,493715.96339135745,533916.6011470389,470618.281104262,With collateral,BANK_A
1.1666666666666665,493567.8027510507,535586.4470501629,468610.97154157056,With collateral,BANK_A
1.25,490545.88271822274,539507.7562253271,463888.87524652015,With collateral,BANK_A
1.3333333333333333,485580.7229395195,542944.9763777956,457366.39958051156,With collateral,BANK_A
1.4166666666666665,478145.6556901769,546239.0715064825,448579.81374431803,With collateral,BANK_A
1.5,468497.5126484415,550103.177422545,437793.1597404226,With collateral,BANK_A
1.5833333333333333,454944.94349190977,549669.1663491237,423453.80509674014,With collateral,BANK_A
1.6666666666666665,441549.784327082,558520.1860717288,409386.3329914972,With collateral,BANK_A
1.75,424431.65976945014,554698.5358779168,391987.9439264971,With collateral,BANK_A
1.8333333333333333,409236.65029817994,561791.6721447398,376511.80797542713,With collateral,BANK_A
1.9166666666666665,391804.90231615293,563770.2583004207,359110.673138931,With collateral,BANK_A
2,372849.8827601796,568503.9254290632,340461.17797514313,With collateral,BANK_A
2.083333333333333,359172.5898317272,570038.3850233586,326855.8284265648,With collateral,BANK_A
2.1666666666666665,346259.05239373,575422.8981437733,314030.9698673794,With collateral,BANK_A
2.25,333595.9629364907,571359.3168477451,301527.4489869085,With collateral,BANK_A
2.333333333333333,322854.2485852427,576931.4799879292,290823.20135490916,With collateral,BANK_A
2.4166666666666665,314287.3538369972,584855.8339649148,282136.5638817624,With collateral,BANK_A
2.5,304939.0181015022,588211.6066737566,272810.73030043405,With collateral,BANK_A
2.583333333333333,295152.7815527463,590205.1735638973,263173.2107721889,With collateral,BANK_A
2.6666666666666665,285921.9716523439,591135.5443231387,254098.1618670984,With collateral,BANK_A
2.75,278080.9322564854,592539.2187234369,246306.39768152867,With collateral,BANK_A
2.833333333333333,267074.8222271725,588525.6333363996,235779.05737826563,With collateral,BANK_A
2.9166666666666665,262790.28914752195,599259.5114023548,231193.62669455676,With collateral,BANK_A
3,257122.858124622,605329.3751181082,225468.06024620353,With collateral,BANK_A
3.083333333333333,249015.06024934148,607205.3771641796,217661.4264293354,With collateral,BANK_A
3.1666666666666665,245119.4381069193,602166.2571488239,213527.5433910293,With collateral,BANK_A
3.25,244170.49979564233,609642.1763029398,212007.5217152564,With collateral,BANK_A
3.333333333333333,240572.51536782895,616616.4294543896,208209.1892095245,With collateral,BANK_A
3.4166666666666665,236831.6133879314,621546.8916935277,204298.53255277468,With collateral,BANK_A
3.5,233823.59774172827,621148.285436486,201007.45754064797,With collateral,BANK_A
3.583333333333333,229815.96691719894,621634.0981920605,196943.0177415497,With collateral,BANK_A
3.6666666666666665,229042.54141798988,632737.1821217033,195626.44430587662,With collateral,BANK_A
3.75,226893.6381934844,632709.1811394658,193139.98294300894,With collateral,BANK_A
3.833333333333333,222783.60631914553,633254.4475258724,189062.45594048177,With collateral,BANK_A
3.9166666666666665,222490.79920922918,637781.9481717785,188186.44211046566,With collateral,BANK_A
4,222089.9210673405,647366.5878265643,187226.22722221166,With collateral,BANK_A
4.083333333333333,219380.51065377134,647485.2901475427,184313.34190934838,With collateral,BANK_A
4.166666666666666,218154.47582497526,638768.6046810738,182728.61463185505,With collateral,BANK_A
4.25,217654.7314447919,654953.0976633439,181687.0157813695,With collateral,BANK_A
4.333333333333333,209927.4177308081,639186.9611594309,174701.71990768166,With collateral,BANK_A
4.416666666666666,210187.11984788574,653574.357383596,174363.9276642058,With collateral,BANK_A
4.5,209015.01204830487,666739.5452778878,172845.3628196481,With collateral,BANK_A
4.583333333333333,208397.89021727524,669244.3446606265,171731.01868677748,With collateral,BANK_A
4.666666666666666,206419.861127757,664819.1626508891,169549.84728752458,With collateral,BANK_A
4.75,208150.85062808747,678301.7902183468,170486.63708740097,With collateral,BANK_A
4.833333333333333,205605.71911430627,671629.2108954032,167764.6929304233,With collateral,BANK_A
4.916666666666666,205279.55970635495,686826.9354278151,166971.20899141778,With collateral,BANK_A
5,202562.6874117981,681536.5808689804,164314.46451882794,With collateral,BANK_A
5.083333333333333,197517.24735035258,660128.1929161788,159486.22528677,With collateral,BANK_A
5.166666666666666,193543.40356376875,653684.1319245488,155828.654386941,With collateral,BANK_A
5.25,192353.56058458544,651412.0496128831,154322.43538195442,With collateral,BANK_A
5.333333333333333,190959.91416066888,639852.2145141487,152643.40921501713,With collateral,BANK_A
5.416666666666666,193115.40309803392,646047.4409983491,153935.11672997553,With collateral,BANK_A
5.5,192634.7272378829,640282.1662024417,152967.5407898745,With collateral,BANK_A
5.583333333333333,193153.84127160336,644312.6008516995,153000.748036989,With collateral,BANK_A
5.666666666666666,190400.69983054334,635443.3616324045,150240.83358110118,With collateral,BANK_A
5.75,191115.81113405307,633886.3782249264,150297.24885740076,With collateral,BANK_A
5.833333333333333,192038.88059018258,639048.521786008,150497.90146579,With collateral,BANK_A
5.916666666666666,185538.6135399353,620588.2836478926,144998.41431107477,With collateral,BANK_A
6,187131.49017714392,635743.3639810461,145820.55874748653,With collateral,BANK_A
6.083333333333333,185230.84268952344,620863.3380203316,143789.64621311432,With collateral,BANK_A
6.166666666666666,186088.32888137837,635299.8170344132,143973.50369282183,With collateral,BANK_A
6.25,185736.8033626397,622703.3318273107,143206.43458714575,With collateral,BANK_A
6.333333333333333,183026.07302998303,613221.551508149,140653.74145869707,With collateral,BANK_A
6.416666666666666,181060.5269107304,600015.2313772653,138750.23190616723,With collateral,BANK_A
6.5,179111.09102540408,604313.6507270909,136836.7515063664,With collateral,BANK_A
6.583333333333333,179896.18738760886,603128.8725382694,136971.3926788537,With collateral,BANK_A
6.666666666666666,178969.93735699065,593661.3108875174,135818.8269068075,With collateral,BANK_A
6.75,177883.52191764445,591736.1543010169,134541.54057649215,With collateral,BANK_A
6.833333333333333,175774.80790161667,591438.0707063102,132530.63121416428,With collateral,BANK_A
6.916666666666666,177334.10911765113,592371.8872974698,133250.37083606515,With collateral,BANK_A
7,175392.41349024946,583310.3284449263,131307.92748997084,With collateral,BANK_A
7.083333333333333,176041.25496467488,589314.767525223,131345.97950121568,With collateral,BANK_A
7.166666666666666,174839.10986506238,579198.0923118278,129985.97933164993,With collateral,BANK_A
7.25,172062.95434033324,573713.2545413893,127551.65862312162,With collateral,BANK_A
7.333333333333333,170686.66797394608,567897.8162077502,126075.99381598792,With collateral,BANK_A
7.416666666666666,168880.75086584844,566130.7981134594,124401.91870058054,With collateral,BANK_A
7.5,168602.58437067704,562953.8044760468,123771.65554440932,With collateral,BANK_A
7.583333333333333,167124.67473259073,552274.1392031815,122296.74162529947,With collateral,BANK_A
7.666666666666666,167099.69137695318,551007.6070828816,121890.15823570798,With collateral,BANK_A
7.75,165934.2399479465,552002.5030646975,120705.30920483852,With collateral,BANK_A
7.833333333333333,163520.00490399197,548189.3108641648,118558.67791574988,With collateral,BANK_A
7.916666666666666,162490.08366673408,546990.5610577683,117445.13206210292,With collateral,BANK_A
8,161654.0881602294,549192.4418255567,116465.92789333058,With collateral,BANK_A
8.083333333333332,158512.5140761445,536007.5995595544,113837.57150163272,With collateral,BANK_A
8.166666666666666,156957.32565709867,532516.72634173394,112344.23215331933,With collateral,BANK_A
8.25,154538.25387189517,528242.6922728877,110301.16932814631,With collateral,BANK_A
8.333333333333332,150938.77809252613,526854.0614730888,107412.23881195555,With collateral,BANK_A
8.416666666666666,148550.67104979622,523999.5299238305,105459.1410946519,With collateral,BANK_A
8.5,144806.5632648221,514233.7019044704,102546.14110348646,With collateral,BANK_A
8.583333333333332,142536.91438082524,514770.62735051167,100685.6369241682,With collateral,BANK_A
8.666666666666666,139354.5558282784,506361.73708262964,98124.45171777619,With collateral,BANK_A
8.75,136219.88868262974,502351.85389770387,95684.24646902423,With collateral,BANK_A
8.833333333333332,130986.025870534,493696.831025214,91781.00062062911,With collateral,BANK_A
8.916666666666666,126076.51590344556,486683.58780770085,88124.80232026766,With collateral,BANK_A
9,121330.48680143969,481500.6603037749,84609.72432803999,With collateral,BANK_A
9.083333333333332,115767.09064445355,475066.2267204616,80536.3141757433,With collateral,BANK_A
9.166666666666666,109120.27212312164,462888.00636951986,75751.21607521652,With collateral,BANK_A
9.25,102347.5664236666,451594.6745711133,70921.97388184714,With collateral,BANK_A
9.333333333333332,94254.69342118858,438776.69325044076,65203.39578401415,With collateral,BANK_A
9.416666666666666,84458.14088526639,399035.0940450978,58321.28536808056,With collateral,BANK_A
9.5,73542.54387497621,349085.7696600994,50704.84484860154,With collateral,BANK_A
9.583333333333332,62636.047727039564,289493.0265609778,43089.25593579069,With collateral,BANK_A
9.666666666666666,51037.548954561724,235691.80484138982,35010.58509530521,With collateral,BANK_A
9.75,38850.73060028736,175167.9081024026,26555.445355583204,With collateral,BANK_A
9.833333333333332,26168.49269917971,117356.10357997089,17832.03532201524,With collateral,BANK_A
9.916666666666666,13289.851919676934,59453.451510640945,9022.12367276069,With collateral,BANK_A
10,0,0,0,With collateral,BANK_A
0,561270.9929602792,561270.99296025,561270.9929602792,No collateral,BANK_A
0.08333333333333333,586888.357973486,1277874.7883933866,584968.5075369206,No collateral,BANK_A
0.16666666666666666,615018.0305026388,1579472.5071028478,610935.6651836173,No collateral,BANK_A
0.25,652960.5818391364,1811155.7244131395,646360.9217854036,No collateral,BANK_A
0.3333333333333333,686617.4705458295,2001019.9935089655,677320.0081992932,No collateral,BANK_A
0.41666666666666663,709506.6584934182,2187949.6995088947,697450.9401334716,No collateral,BANK_A
0.5,742528.4972415171,2367921.0214399896,727331.8426579179,No collateral,BANK_A
0.5833333333333333,762926.572957448,2519617.174550546,744634.869471763,No collateral,BANK_A
0.6666666666666666,787900.6854888729,2623544.065926714,766219.0641879875,No collateral,BANK_A
0.75,807706.4579368514,2688616.7457920467,782584.0193219297,No collateral,BANK_A
0.8333333333333333,834132.7446635264,2848342.574496171,805197.598063145,No collateral,BANK_A
0.9166666666666666,852396.7242719887,2983271.0320077334,819746.8391801821,No collateral,BANK_A
1,867380.5933377988,3094184.519108822,831023.4034386846,No collateral,BANK_A
1.0833333333333333,691813.753687877,898315.319585118,659796.4313259508,No collateral,BANK_A
1.1666666666666665,678882.2605572485,911471.7555815064,644996.6609241698,No collateral,BANK_A
1.25,664814.725666641,928701.5308596747,629220.4096870541,No collateral,BANK_A
1.3333333333333333,649911.9297327389,938338.9411723715,612759.2865634129,No collateral,BANK_A
1.4166666666666665,633358.5962506111,954193.0981868791,594868.9963085843,No collateral,BANK_A
1.5,616256.0089563604,964746.7363147833,576599.9342808442,No collateral,BANK_A
1.5833333333333333,596446.594667005,980223.3189326001,555948.2136535449,No collateral,BANK_A
1.6666666666666665,577017.4305385513,990072.4927782108,535812.863922378,No collateral,BANK_A
1.75,556959.5363698879,1012623.1000721965,515258.6537726344,No collateral,BANK_A
1.8333333333333333,537347.4616446156,1023392.0828677904,495276.4525238066,No collateral,BANK_A
1.9166666666666665,518138.7156832938,1041580.7195537637,475834.6705013552,No collateral,BANK_A
2,497950.6707038433,1071634.925624092,455660.7035144303,No collateral,BANK_A
2.083333333333333,485601.9553900942,1089087.9559722084,442908.09356361866,No collateral,BANK_A
2.1666666666666665,475084.1904665689,1106349.8343339432,431912.9720818441,No collateral,BANK_A
2.25,465428.48429212533,1132307.7658803875,421775.14282380784,No collateral,BANK_A
2.333333333333333,456814.6519792165,1153660.9546088628,412642.5692903457,No collateral,BANK_A
2.4166666666666665,450877.72901972436,1176475.5535172827,405957.84479157027,No collateral,BANK_A
2.5,445668.9403576643,1202503.641156115,399976.8373481279,No collateral,BANK_A
2.583333333333333,440051.5556700367,1246003.162481898,393702.53172255063,No collateral,BANK_A
2.6666666666666665,434844.50702349347,1266433.125232191,387836.0510157332,No collateral,BANK_A
2.75,431370.44344585465,1312288.808192219,383537.5354924003,No collateral,BANK_A
2.833333333333333,426159.3694084961,1334006.8510941244,377750.34938313597,No collateral,BANK_A
2.9166666666666665,424428.264791579,1376225.331666178,375021.52496442426,No collateral,BANK_A
3,423792.81463429687,1399717.6821417361,373311.74757466296,No collateral,BANK_A
3.083333333333333,423312.545277521,1436612.0819596257,371786.3389164651,No collateral,BANK_A
3.1666666666666665,424146.88823165145,1475785.3135385201,371402.7608480595,No collateral,BANK_A
3.25,428588.52545069624,1501748.0458257971,374131.41244758136,No collateral,BANK_A
3.333333333333333,432233.149916644,1565813.881213223,376178.4272503314,No collateral,BANK_A
3.4166666666666665,435528.3546333542,1607210.901528474,377909.46743572416,No collateral,BANK_A
3.5,439772.11568991834,1647079.8776691498,380407.6343661796,No collateral,BANK_A
3.583333333333333,442813.2048345622,1651716.1367569186,381880.4199388346,No collateral,BANK_A
3.6666666666666665,448543.14633084764,1695741.9257503725,385630.3837795486,No collateral,BANK_A
3.75,453854.4716171795,1760719.9312297024,388992.4574705617,No collateral,BANK_A
3.833333333333333,457616.2267696375,1779455.713380449,391070.2249819433,No collateral,BANK_A
3.9166666666666665,464277.84289058816,1821882.20707925,395548.7115494074,No collateral,BANK_A
4,472010.5771940586,1892245.9685328852,400940.33770751837,No collateral,BANK_A
4.083333333333333,476318.69765682763,1884208.5479953594,403382.5950038585,No collateral,BANK_A
4.166666666666666,483821.8193457787,1975654.4276263735,408549.9687870922,No collateral,BANK_A
4.25,491137.9701701619,2023204.8634823188,413467.8376865917,No collateral,BANK_A
4.333333333333333,494150.87064420385,2035844.0505677364,414861.7014104916,No collateral,BANK_A
4.416666666666666,498187.99162898405,2094816.298285662,417008.8622074385,No collateral,BANK_A
4.5,504077.28974409925,2111228.343227622,420659.7269883106,No collateral,BANK_A
4.583333333333333,513141.26986866473,2222477.7006686046,426898.9391326554,No collateral,BANK_A
4.666666666666666,520362.11431067705,2255373.986860708,431632.1644430516,No collateral,BANK_A
4.75,529863.5386864545,2299689.0335558397,438229.05251819675,No collateral,BANK_A
4.833333333333333,538756.2630914862,2363837.014825266,444188.4211204463,No collateral,BANK_A
4.916666666666666,546621.0234394568,2431872.6633410216,449373.6424844519,No collateral,BANK_A
5,555854.4953987099,2475597.5193819357,455671.75075711386,No collateral,BANK_A
5.083333333333333,552353.6835507988,2442171.078483023,451341.6301480607,No collateral,BANK_A
5.166666666666666,544964.0472916996,2429361.873915108,443998.6128426786,No collateral,BANK_A
5.25,535103.1391893849,2385507.8261293266,434562.4519744998,No collateral,BANK_A
5.333333333333333,529785.1011290598,2342184.723845106,428868.5755085519,No collateral,BANK_A
5.416666666666666,523033.7843640438,2353676.94492177,422085.8077468466,No collateral,BANK_A
5.5,518880.33925519057,2311598.94680652,417352.78068734345,No collateral,BANK_A
5.583333333333333,514087.007110972,2263040.5709274,412319.4624313238,No collateral,BANK_A
5.666666666666666,507137.4725132159,2216316.4112494774,405466.98046514194,No collateral,BANK_A
5.75,500071.6212164571,2234401.932812646,398564.79123613687,No collateral,BANK_A
5.833333333333333,493602.7164896308,2177235.154223069,392107.3107527441,No collateral,BANK_A
5.916666666666666,481662.894527807,2138585.041252388,381553.0319833085,No collateral,BANK_A
6,474949.12692962587,2118356.3520526746,375120.1253110485,No collateral,BANK_A
6.083333333333333,468440.2553077361,2125124.7099463455,368825.4431971413,No collateral,BANK_A
6.166666666666666,463812.91920035693,2089589.9364552256,364014.5747542446,No collateral,BANK_A
6.25,458412.4792615922,2043548.6509917842,358621.3074367287,No collateral,BANK_A
6.333333333333333,448686.92064751947,2046619.4355894206,349942.6582752256,No collateral,BANK_A
6.416666666666666,440599.1425435996,1995444.1289257412,342590.1738290482,No collateral,BANK_A
6.5,429291.6136738208,1956512.208176087,332896.6556908123,No collateral,BANK_A
6.583333333333333,424206.4790136594,1939313.315982037,327905.13996596873,No collateral,BANK_A
6.666666666666666,417921.37775645667,1921549.5543516479,322031.5449252722,No collateral,BANK_A
6.75,410635.9591282896,1886318.6913071885,315448.04774171,No collateral,BANK_A
6.833333333333333,401394.19483200077,1843815.7862509582,307390.88353971625,No collateral,BANK_A
6.916666666666666,394654.6094246792,1794185.0854018375,301188.65550093143,No collateral,BANK_A
7,385247.5185942253,1776927.4839088952,293003.8118770924,No collateral,BANK_A
7.083333333333333,377679.38041232346,1774315.234627584,286267.50912610133,No collateral,BANK_A
7.166666666666666,370781.44278047077,1713900.295523997,280144.55008338165,No collateral,BANK_A
7.25,360443.1285378977,1669883.0308863248,271516.0358961452,No collateral,BANK_A
7.333333333333333,351207.69251131365,1626338.0415505883,263616.4659591422,No collateral,BANK_A
7.416666666666666,340072.1572219365,1558069.4196781507,254498.2550712109,No collateral,BANK_A
7.5,332116.37804418645,1522090.8156176405,247759.1216683313,No collateral,BANK_A
7.583333333333333,323046.24093815975,1470778.2597323009,240214.67452943363,No collateral,BANK_A
7.666666666666666,313112.0496249658,1419818.9859466562,232083.43713066287,No collateral,BANK_A
7.75,302631.49221279175,1369725.3924916573,223623.18818032142,No collateral,BANK_A
7.833333333333333,292913.21226638084,1332508.1349383376,215704.16936374825,No collateral,BANK_A
7.916666666666666,283498.9530047216,1262705.1917495262,208072.01068280154,No collateral,BANK_A
8,274524.6556992022,1222196.8905454928,200824.82824525566,No collateral,BANK_A
8.083333333333332,264818.47108991863,1189832.8809686145,193111.9582193486,No collateral,BANK_A
8.166666666666666,254130.48231999305,1145579.3039111982,184721.48386840196,No collateral,BANK_A
8.25,243594.5094774373,1104339.2075921637,176521.0639262221,No collateral,BANK_A
8.333333333333332,231986.28236057414,1042856.1499516604,167614.51864849668,No collateral,BANK_A
8.416666666666666,220982.9174817811,1016754.8798812975,159203.69493875626,No collateral,BANK_A
8.5,209899.0018004024,943389.3104268981,150797.23425451753,No collateral,BANK_A
8.583333333333332,199605.59448068362,897659.8840698638,142978.06212446644,No collateral,BANK_A
8.666666666666666,190379.51552407022,864240.5452030707,135900.9910463661,No collateral,BANK_A
8.75,179915.47933994318,820410.330416656,128005.36781849198,No collateral,BANK_A
8.833333333333332,168042.7078086866,764188.0979269721,119187.66264923227,No collateral,BANK_A
8.916666666666666,156288.23195316413,710458.1489802229,110493.66584120083,No collateral,BANK_A
9,145372.88381360783,662811.8895782507,102434.90714324664,No collateral,BANK_A
9.083333333333332,134349.1349321125,618021.9888528743,94331.29344883285,No collateral,BANK_A
9.166666666666666,122855.7468816217,565126.413705323,85966.73822715483,No collateral,BANK_A
9.25,111500.70718588057,510603.7669008375,77758.30378945298,No collateral,BANK_A
9.333333333333332,99991.69252603535,457627.5702854996,69517.52832125688,No collateral,BANK_A
9.416666666666666,87587.56275164902,400134.95678305806,60694.73548512446,No collateral,BANK_A
9.5,74888.95116969441,349085.7696600994,51740.45156369056,No collateral,BANK_A
9.583333333333332,63069.31427002573,289493.0265609778,43428.89698692399,No collateral,BANK_A
9.666666666666666,51095.95817597889,235691.80484138982,35057.355396327606,No collateral,BANK_A
9.75,38850.73060028736,175167.9081024026,26555.445355583204,No collateral,BANK_A
9.833333333333332,26168.49269917971,117356.10357997089,17832.03532201524,No collateral,BANK_A
9.916666666666666,13289.851919676934,59453.451510640945,9022.12367276069,No collateral,BANK_A
10,0,0,0,No collateral,BANK_A
0,776864.8609538403,776864.8609539131,776864.8609538403,With collateral,CORP_B
0.08333333333333333,735605.9102544667,1487887.890873419,733216.6880060202,With collateral,CORP_B
0.16666666666666666,741157.3076171856,1799694.7753490154,736299.1893252458,With collateral,CORP_B
0.25,751340.1591521715,1947627.3909841569,743871.9279371302,With collateral,CORP_B
0.3333333333333333,757594.0071077775,2128800.520754776,747526.4466875058,With collateral,CORP_B
0.41666666666666663,761948.9525803388,2267973.78874919,749278.4830833513,With collateral,CORP_B
0.5,763127.5577251274,2352076.174672121,747872.5029712018,With collateral,CORP_B
0.5833333333333333,779273.4158754683,2468370.73574223,761058.7807818769,With collateral,CORP_B
0.6666666666666666,787413.0223319947,2554648.1282174867,766338.5438166463,With collateral,CORP_B
0.75,796548.6020027887,2682672.24688358,772501.8795184616,With collateral,CORP_B
0.8333333333333333,803397.1239812924,2763885.290709875,776387.4807965258,With collateral,CORP_B
0.9166666666666666,812104.9641919507,2792742.0258838935,781961.4721978304,With collateral,CORP_B
1,831590.7569500543,2909039.60580297,797795.6588621053,With collateral,CORP_B
1.0833333333333333,841653.2388373158,2943236.475194295,804509.3255395812,With collateral,CORP_B
1.1666666666666665,857956.0777900206,3023361.3744327202,817085.9820352705,With collateral,CORP_B
1.25,866732.6023932444,3065164.440484066,822367.3324759228,With collateral,CORP_B
1.3333333333333333,874485.0641396181,3090961.70729886,826555.5554856609,With collateral,CORP_B
1.4166666666666665,883677.4987384705,3155728.3255093787,832048.294807084,With collateral,CORP_B
1.5,889027.2456086797,3216251.2680774406,833885.6866022405,With collateral,CORP_B
1.5833333333333333,902941.5443633386,3291250.169165718,843582.2154557338,With collateral,CORP_B
1.6666666666666665,914572.7150262465,3335770.5336026642,851047.4469664823,With collateral,CORP_B
1.75,925749.3089906097,3373946.2862159354,857986.9483412972,With collateral,CORP_B
1.8333333333333333,938310.6224568906,3396701.5434800666,866076.2093725571,With collateral,CORP_B
1.9166666666666665,952795.9538838111,3494359.3420834155,875897.8900869604,With collateral,CORP_B
2,964479.5003311933,3520701.0890081665,883017.5224387699,With collateral,CORP_B
2.083333333333333,868326.7709398257,2903774.255716717,794868.6446603109,With collateral,CORP_B
2.1666666666666665,868199.5673314079,2877408.3362788027,791965.3941814756,With collateral,CORP_B
2.25,860739.4213261954,2875286.7766498066,782499.9936570976,With collateral,CORP_B
2.333333333333333,853269.449658841,2854522.179620176,773036.9399431116,With collateral,CORP_B
2.4166666666666665,849159.6957803016,2834559.40121262,766632.2826553786,With collateral,CORP_B
2.5,842562.8289393898,2819720.2585591376,758052.8910112445,With collateral,CORP_B
2.583333333333333,838992.8557169762,2850426.496674879,752242.952641006,With collateral,CORP_B
2.6666666666666665,834092.9844417823,2818139.202354092,745290.8383525354,With collateral,CORP_B
2.75,828728.6719547522,2841198.928227294,737973.2421653945,With collateral,CORP_B
2.833333333333333,817280.5503683017,2804990.5154470853,725337.1385013,With collateral,CORP_B
2.9166666666666665,809857.4424136742,2808864.314203821,716254.8662699986,With collateral,CORP_B
3,802735.8624673488,2770613.6751975277,707558.5030481744,With collateral,CORP_B
3.083333333333333,790333.7335343568,2749436.1300942516,694374.905616524,With collateral,CORP_B
3.1666666666666665,779332.1049931255,2728005.2933265595,682469.3933338737,With collateral,CORP_B
3.25,772915.3259997539,2679966.4648730513,674574.8424184214,With collateral,CORP_B
3.333333333333333,762636.6830824723,2691215.839632671,663437.9076619659,With collateral,CORP_B
3.4166666666666665,750163.3934725559,2660242.5909535154,650468.5666464979,With collateral,CORP_B
3.5,737099.7891084381,2623297.830949755,637025.4229593131,With collateral,CORP_B
3.583333333333333,724154.8430995271,2537935.397546652,623790.7487224201,With collateral,CORP_B
3.6666666666666665,714006.9589683708,2506284.4952587285,613003.049502513,With collateral,CORP_B
3.75,701077.6628037988,2497543.6104890476,599915.3920690386,With collateral,CORP_B
3.833333333333333,684775.746827978,2427006.833916212,584116.1591433756,With collateral,CORP_B
3.9166666666666665,672078.1896187795,2383473.900034767,571404.6332204128,With collateral,CORP_B
4,658870.2230267851,2367797.219745892,558405.2289967113,With collateral,CORP_B
4.083333333333333,642142.8679968951,2268019.3511327696,542493.1092820601,With collateral,CORP_B
4.166666666666666,628565.2588443699,2269900.7818202567,529370.8241240747,With collateral,CORP_B
4.25,614150.7956430918,2222848.7796494877,515565.6989705329,With collateral,CORP_B
4.333333333333333,594006.4986412302,2141492.020787981,497170.6882052293,With collateral,CORP_B
4.416666666666666,573693.2090198984,2100360.2040501502,478660.0835109386,With collateral,CORP_B
4.5,555722.8363396357,2020946.494328594,462180.6512378793,With collateral,CORP_B
4.583333333333333,542614.118806476,2018452.2240836776,449765.04000606795,With collateral,CORP_B
4.666666666666666,525278.0290581747,1950867.0925299015,434039.67150875024,With collateral,CORP_B
4.75,509169.5980456068,1890132.5393415806,419431.7125943613,With collateral,CORP_B
4.833333333333333,491460.6825901131,1840573.3171560597,403539.6823022506,With collateral,CORP_B
4.916666666666666,472614.65839232685,1790219.0843854025,386880.89791858,With collateral,CORP_B
5,453609.04644687654,1722233.3778723741,370230.7156980844,With collateral,CORP_B
5.083333333333333,438912.56756229955,1655895.7636060226,357045.60131887643,With collateral,CORP_B
5.166666666666666,420773.0947213973,1600530.8744559642,341252.2716798302,With collateral,CORP_B
5.25,402169.5777100252,1527140.3979981688,325058.88133014814,With collateral,CORP_B
5.333333333333333,384713.1661393542,1453790.1778294342,309962.20806578104,With collateral,CORP_B
5.416666666666666,366165.8144657557,1407989.40435507,294086.25308667053,With collateral,CORP_B
5.5,349518.51737919374,1333731.0488624743,279769.5230885462,With collateral,CORP_B
5.583333333333333,332390.172712309,1257742.7611782474,265284.53881540574,With collateral,CORP_B
5.666666666666666,314076.6814046399,1182512.2533033232,249871.39136487016,With collateral,CORP_B
5.75,295525.8605352189,1135085.2172722719,234347.61030536666,With collateral,CORP_B
5.833333333333333,276870.37745648884,1053925.5059436534,218832.6263547418,With collateral,CORP_B
5.916666666666666,255750.57673447527,980202.0532349411,201550.95825314306,With collateral,CORP_B
6,236227.70077658648,912654.6508021612,185614.87528861203,With collateral,CORP_B
6.083333333333333,217933.93952673764,854807.8375742375,170699.44702148405,With collateral,CORP_B
6.166666666666666,200393.26113395492,780700.2636110502,156435.93377561498,With collateral,CORP_B
6.25,181882.8016508056,702710.3445564652,141519.48181761545,With collateral,CORP_B
6.333333333333333,161744.6552083604,637450.9335754028,125454.70798938534,With collateral,CORP_B
6.416666666666666,141444.11814965768,556256.5927983253,109378.93956491818,With collateral,CORP_B
6.5,120529.09315615275,477514.1191356461,92937.05665072426,With collateral,CORP_B
6.583333333333333,102030.2266958416,403985.1069287207,78404.80837651886,With collateral,CORP_B
6.666666666666666,82724.16372698745,328168.6906586266,63356.80272313149,With collateral,CORP_B
6.75,62873.13805784631,248086.79243664411,47989.88453469454,With collateral,CORP_B
6.833333333333333,42262.07249175727,166206.51058559614,32150.55472795934,With collateral,CORP_B
6.916666666666666,21443.854305032935,83252.80788601209,16253.46132198008,With collateral,CORP_B
7,0,0,0,With collateral,CORP_B
7.083333333333333,0,0,0,With collateral,CORP_B
7.166666666666666,0,0,0,With collateral,CORP_B
7.25,0,0,0,With collateral,CORP_B
7.333333333333333,0,0,0,With collateral,CORP_B
7.416666666666666,0,0,0,With collateral,CORP_B
7.5,0,0,0,With collateral,CORP_B
7.583333333333333,0,0,0,With collateral,CORP_B
7.666666666666666,0,0,0,With collateral,CORP_B
7.75,0,0,0,With collateral,CORP_B
7.833333333333333,0,0,0,With collateral,CORP_B
7.916666666666666,0,0,0,With collateral,CORP_B
8,0,0,0,With collateral,CORP_B
8.083333333333332,0,0,0,With collateral,CORP_B
8.166666666666666,0,0,0,With collateral,CORP_B
8.25,0,0,0,With collateral,CORP_B
8.333333333333332,0,0,0,With collateral,CORP_B
8.416666666666666,0,0,0,With collateral,CORP_B
8.5,0,0,0,With collateral,CORP_B
8.583333333333332,0,0,0,With collateral,CORP_B
8.666666666666666,0,0,0,With collateral,CORP_B
8.75,0,0,0,With collateral,CORP_B
8.833333333333332,0,0,0,With collateral,CORP_B
8.916666666666666,0,0,0,With collateral,CORP_B
9,0,0,0,With collateral,CORP_B
9.083333333333332,0,0,0,With collateral,CORP_B
9.166666666666666,0,0,0,With collateral,CORP_B
9.25,0,0,0,With collateral,CORP_B
9.333333333333332,0,0,0,With collateral,CORP_B
9.416666666666666,0,0,0,With collateral,CORP_B
9.5,0,0,0,With collateral,CORP_B
9.583333333333332,0,0,0,With collateral,CORP_B
9.666666666666666,0,0,0,With collateral,CORP_B
9.75,0,0,0,With collateral,CORP_B
9.833333333333332,0,0,0,With collateral,CORP_B
9.916666666666666,0,0,0,With collateral,CORP_B
10,0,0,0,With collateral,CORP_B
0,776864.8609538403,776864.8609539131,776864.8609538403,No collateral,CORP_B
0.08333333333333333,735605.9102544667,1487887.890873419,733216.6880060202,No collateral,CORP_B
0.16666666666666666,741157.3076171856,1799694.7753490154,736299.1893252458,No collateral,CORP_B
0.25,751340.1591521715,1947627.3909841569,743871.9279371302,No collateral,CORP_B
0.3333333333333333,757594.0071077775,2128800.520754776,747526.4466875058,No collateral,CORP_B
0.41666666666666663,761948.9525803388,2267973.78874919,749278.4830833513,No collateral,CORP_B
0.5,763127.5577251274,2352076.174672121,747872.5029712018,No collateral,CORP_B
0.5833333333333333,779273.4158754683,2468370.73574223,761058.7807818769,No collateral,CORP_B
0.6666666666666666,787413.0223319947,2554648.1282174867,766338.5438166463,No collateral,CORP_B
0.75,796548.6020027887,2682672.24688358,772501.8795184616,No collateral,CORP_B
0.8333333333333333,803397.1239812924,2763885.290709875,776387.4807965258,No collateral,CORP_B
0.9166666666666666,812104.9641919507,2792742.0258838935,781961.4721978304,No collateral,CORP_B
1,831590.7569500543,2909039.60580297,797795.6588621053,No collateral,CORP_B
1.0833333333333333,841653.2388373158,2943236.475194295,804509.3255395812,No collateral,CORP_B
1.1666666666666665,857956.0777900206,3023361.3744327202,817085.9820352705,No collateral,CORP_B
1.25,866732.6023932444,3065164.440484066,822367.3324759228,No collateral,CORP_B
1.3333333333333333,874485.0641396181,3090961.70729886,826555.5554856609,No collateral,CORP_B
1.4166666666666665,883677.4987384705,3155728.3255093787,832048.294807084,No collateral,CORP_B
1.5,889027.2456086797,3216251.2680774406,833885.6866022405,No collateral,CORP_B
1.5833333333333333,902941.5443633386,3291250.169165718,843582.2154557338,No collateral,CORP_B
1.6666666666666665,914572.7150262465,3335770.5336026642,851047.4469664823,No collateral,CORP_B
1.75,925749.3089906097,3373946.2862159354,857986.9483412972,No collateral,CORP_B
1.8333333333333333,938310.6224568906,3396701.5434800666,866076.2093725571,No collateral,CORP_B
1.9166666666666665,952795.9538838111,3494359.3420834155,875897.8900869604,No collateral,CORP_B
2,964479.5003311933,3520701.0890081665,883017.5224387699,No collateral,CORP_B
2.083333333333333,868326.7709398257,2903774.255716717,794868.6446603109,No collateral,CORP_B
2.1666666666666665,868199.5673314079,2877408.3362788027,791965.3941814756,No collateral,CORP_B
2.25,860739.4213261954,2875286.7766498066,782499.9936570976,No collateral,CORP_B
2.333333333333333,853269.449658841,2854522.179620176,773036.9399431116,No collateral,CORP_B
2.4166666666666665,849159.6957803016,2834559.40121262,766632.2826553786,No collateral,CORP_B
2.5,842562.8289393898,2819720.2585591376,758052.8910112445,No collateral,CORP_B
2.583333333333333,838992.8557169762,2850426.496674879,752242.952641006,No collateral,CORP_B
2.6666666666666665,834092.9844417823,2818139.202354092,745290.8383525354,No collateral,CORP_B
2.75,828728.6719547522,2841198.928227294,737973.2421653945,No collateral,CORP_B
2.833333333333333,817280.5503683017,2804990.5154470853,725337.1385013,No collateral,CORP_B
2.9166666666666665,809857.4424136742,2808864.314203821,716254.8662699986,No collateral,CORP_B
3,802735.8624673488,2770613.6751975277,707558.5030481744,No collateral,CORP_B
3.083333333333333,790333.7335343568,2749436.1300942516,694374.905616524,No collateral,CORP_B
3.1666666666666665,779332.1049931255,2728005.2933265595,682469.3933338737,No collateral,CORP_B
3.25,772915.3259997539,2679966.4648730513,674574.8424184214,No collateral,CORP_B
3.333333333333333,762636.6830824723,2691215.839632671,663437.9076619659,No collateral,CORP_B
3.4166666666666665,750163.3934725559,2660242.5909535154,650468.5666464979,No collateral,CORP_B
3.5,737099.7891084381,2623297.830949755,637025.4229593131,No collateral,CORP_B
3.583333333333333,724154.8430995271,2537935.397546652,623790.7487224201,No collateral,CORP_B
3.6666666666666665,714006.9589683708,2506284.4952587285,613003.049502513,No collateral,CORP_B
3.75,701077.6628037988,2497543.6104890476,599915.3920690386,No collateral,CORP_B
3.833333333333333,684775.746827978,2427006.833916212,584116.1591433756,No collateral,CORP_B
3.9166666666666665,672078.1896187795,2383473.900034767,571404.6332204128,No collateral,CORP_B
4,658870.2230267851,2367797.219745892,558405.2289967113,No collateral,CORP_B
4.083333333333333,642142.8679968951,2268019.3511327696,542493.1092820601,No collateral,CORP_B
4.166666666666666,628565.2588443699,2269900.7818202567,529370.8241240747,No collateral,CORP_B
4.25,614150.7956430918,2222848.7796494877,515565.6989705329,No collateral,CORP_B
4.333333333333333,594006.4986412302,2141492.020787981,497170.6882052293,No collateral,CORP_B
4.416666666666666,573693.2090198984,2100360.2040501502,478660.0835109386,No collateral,CORP_B
4.5,555722.8363396357,2020946.494328594,462180.6512378793,No collateral,CORP_B
4.583333333333333,542614.118806476,2018452.2240836776,449765.04000606795,No collateral,CORP_B
4.666666666666666,525278.0290581747,1950867.0925299015,434039.67150875024,No collateral,CORP_B
4.75,509169.5980456068,1890132.5393415806,419431.7125943613,No collateral,CORP_B
4.833333333333333,491460.6825901131,1840573.3171560597,403539.6823022506,No collateral,CORP_B
4.916666666666666,472614.65839232685,1790219.0843854025,386880.89791858,No collateral,CORP_B
5,453609.04644687654,1722233.3778723741,370230.7156980844,No collateral,CORP_B
5.083333333333333,438912.56756229955,1655895.7636060226,357045.60131887643,No collateral,CORP_B
5.166666666666666,420773.0947213973,1600530.8744559642,341252.2716798302,No collateral,CORP_B
5.25,402169.5777100252,1527140.3979981688,325058.88133014814,No collateral,CORP_B
5.333333333333333,384713.1661393542,1453790.1778294342,309962.20806578104,No collateral,CORP_B
5.416666666666666,366165.8144657557,1407989.40435507,294086.25308667053,No collateral,CORP_B
5.5,349518.51737919374,1333731.0488624743,279769.5230885462,No collateral,CORP_B
5.583333333333333,332390.172712309,1257742.7611782474,265284.53881540574,No collateral,CORP_B
5.666666666666666,314076.6814046399,1182512.2533033232,249871.39136487016,No collateral,CORP_B
5.75,295525.8605352189,1135085.2172722719,234347.61030536666,No collateral,CORP_B
5.833333333333333,276870.37745648884,1053925.5059436534,218832.6263547418,No collateral,CORP_B
5.916666666666666,255750.57673447527,980202.0532349411,201550.95825314306,No collateral,CORP_B
6,236227.70077658648,912654.6508021612,185614.87528861203,No collateral,CORP_B
6.083333333333333,217933.93952673764,854807.8375742375,170699.44702148405,No collateral,CORP_B
6.166666666666666,200393.26113395492,780700.2636110502,156435.93377561498,No collateral,CORP_B
6.25,181882.8016508056,702710.3445564652,141519.48181761545,No collateral,CORP_B
6.333333333333333,161744.6552083604,637450.9335754028,125454.70798938534,No collateral,CORP_B
6.416666666666666,141444.11814965768,556256.5927983253,109378.93956491818,No collateral,CORP_B
6.5,120529.09315615275,477514.1191356461,92937.05665072426,No collateral,CORP_B
6.583333333333333,102030.2266958416,403985.1069287207,78404.80837651886,No collateral,CORP_B
6.666666666666666,82724.16372698745,328168.6906586266,63356.80272313149,No collateral,CORP_B
6.75,62873.13805784631,248086.79243664411,47989.88453469454,No collateral,CORP_B
6.833333333333333,42262.07249175727,166206.51058559614,32150.55472795934,No collateral,CORP_B
6.916666666666666,21443.854305032935,83252.80788601209,16253.46132198008,No collateral,CORP_B
7,0,0,0,No collateral,CORP_B
7.083333333333333,0,0,0,No collateral,CORP_B
7.166666666666666,0,0,0,No collateral,CORP_B
7.25,0,0,0,No collateral,CORP_B
7.333333333333333,0,0,0,No collateral,CORP_B
7.416666666666666,0,0,0,No collateral,CORP_B
7.5,0,0,0,No collateral,CORP_B
7.583333333333333,0,0,0,No collateral,CORP_B
7.666666666666666,0,0,0,No collateral,CORP_B
7.75,0,0,0,No collateral,CORP_B
7.833333333333333,0,0,0,No collateral,CORP_B
7.916666666666666,0,0,0,No collateral,CORP_B
8,0,0,0,No collateral,CORP_B
8.083333333333332,0,0,0,No collateral,CORP_B
8.166666666666666,0,0,0,No collateral,CORP_B
8.25,0,0,0,No collateral,CORP_B
8.333333333333332,0,0,0,No collateral,CORP_B
8.416666666666666,0,0,0,No collateral,CORP_B
8.5,0,0,0,No collateral,CORP_B
8.583333333333332,0,0,0,No collateral,CORP_B
8.666666666666666,0,0,0,No collateral,CORP_B
8.75,0,0,0,No collateral,CORP_B
8.833333333333332,0,0,0,No collateral,CORP_B
8.916666666666666,0,0,0,No collateral,CORP_B
9,0,0,0,No collateral,CORP_B
9.083333333333332,0,0,0,No collateral,CORP_B
9.166666666666666,0,0,0,No collateral,CORP_B
9.25,0,0,0,No collateral,CORP_B
9.333333333333332,0,0,0,No collateral,CORP_B
9.416666666666666,0,0,0,No collateral,CORP_B
9.5,0,0,0,No collateral,CORP_B
9.583333333333332,0,0,0,No collateral,CORP_B
9.666666666666666,0,0,0,No collateral,CORP_B
9.75,0,0,0,No collateral,CORP_B
9.833333333333332,0,0,0,No collateral,CORP_B
9.916666666666666,0,0,0,No collateral,CORP_B
10,0,0,0,No collateral,CORP_B
0,2279288.6393736084,2279288.639373378,2279288.6393736084,With collateral,AIR_C
0.08333333333333333,2518940.104256006,5984116.458695496,2510709.1540749106,With collateral,AIR_C
0.16666666666666666,3024558.8053340027,7398745.6099476,3004484.992684963,With collateral,AIR_C
0.25,3335860.370587074,8258681.343312994,3302123.4273276567,With collateral,AIR_C
0.3333333333333333,3535488.4880715576,8600939.588365274,3487478.4138785265,With collateral,AIR_C
0.41666666666666663,3683697.359041515,8814655.232506372,3620821.752714267,With collateral,AIR_C
0.5,3790545.717477913,8936631.894530898,3712410.7952656914,With collateral,AIR_C
0.5833333333333333,3847529.0946469614,9005107.988748213,3754512.42056653,With collateral,AIR_C
0.6666666666666666,3784976.470973144,9007939.70148251,3679802.9036556818,With collateral,AIR_C
0.75,3694777.3168995376,8729842.22914787,3578561.8914639167,With collateral,AIR_C
0.8333333333333333,3629988.4706977876,8722626.719827972,3502443.4656475503,With collateral,AIR_C
0.9166666666666666,3539320.2479695925,8482052.164587371,3401637.6074042907,With collateral,AIR_C
1,3420010.323276594,8270584.353248838,3274150.8640142214,With collateral,AIR_C
1.0833333333333333,3277068.6669584424,7841147.412345638,3125036.7824129392,With collateral,AIR_C
1.1666666666666665,3124434.57450277,7549476.195825746,2967804.993824484,With collateral,AIR_C
1.25,2950386.4359607184,7148642.109959905,2791224.253461092,With collateral,AIR_C
1.3333333333333333,2738802.052831278,6699539.0339435125,2580566.0515564186,With collateral,AIR_C
1.4166666666666665,2498984.0042221127,6139577.292742735,2344978.640072418,With collateral,AIR_C
1.5,2276394.025056268,5605676.247912373,2127372.157517194,With collateral,AIR_C
1.5833333333333333,2007140.4364234344,4987655.486817321,1867957.0866822158,With collateral,AIR_C
1.6666666666666665,1728543.2346269237,4374898.852022247,1601880.910541451,With collateral,AIR_C
1.75,1425058.0412974984,3662828.9020164493,1315068.6745988338,With collateral,AIR_C
1.8333333333333333,1112084.5382548415,2869390.7259865985,1021872.7271493544,With collateral,AIR_C
1.9166666666666665,765362.0576329171,1970211.5915593705,700259.1049558116,With collateral,AIR_C
2,395075.35646038677,1032407.8276794091,359862.42334172723,With collateral,AIR_C
2.083333333333333,0,0,0,With collateral,AIR_C
2.1666666666666665,0,0,0,With collateral,AIR_C
2.25,0,0,0,With collateral,AIR_C
2.333333333333333,0,0,0,With collateral,AIR_C
2.4166666666666665,0,0,0,With collateral,AIR_C
2.5,0,0,0,With collateral,AIR_C
2.583333333333333,0,0,0,With collateral,AIR_C
2.6666666666666665,0,0,0,With collateral,AIR_C
2.75,0,0,0,With collateral,AIR_C
2.833333333333333,0,0,0,With collateral,AIR_C
2.9166666666666665,0,0,0,With collateral,AIR_C
3,0,0,0,With collateral,AIR_C
3.083333333333333,0,0,0,With collateral,AIR_C
3.1666666666666665,0,0,0,With collateral,AIR_C
3.25,0,0,0,With collateral,AIR_C
3.333333333333333,0,0,0,With collateral,AIR_C
3.4166666666666665,0,0,0,With collateral,AIR_C
3.5,0,0,0,With collateral,AIR_C
3.583333333333333,0,0,0,With collateral,AIR_C
3.6666666666666665,0,0,0,With collateral,AIR_C
3.75,0,0,0,With collateral,AIR_C
3.833333333333333,0,0,0,With collateral,AIR_C
3.9166666666666665,0,0,0,With collateral,AIR_C
4,0,0,0,With collateral,AIR_C
4.083333333333333,0,0,0,With collateral,AIR_C
4.166666666666666,0,0,0,With collateral,AIR_C
4.25,0,0,0,With collateral,AIR_C
4.333333333333333,0,0,0,With collateral,AIR_C
4.416666666666666,0,0,0,With collateral,AIR_C
4.5,0,0,0,With collateral,AIR_C
4.583333333333333,0,0,0,With collateral,AIR_C
4.666666666666666,0,0,0,With collateral,AIR_C
4.75,0,0,0,With collateral,AIR_C
4.833333333333333,0,0,0,With collateral,AIR_C
4.916666666666666,0,0,0,With collateral,AIR_C
5,0,0,0,With collateral,AIR_C
5.083333333333333,0,0,0,With collateral,AIR_C
5.166666666666666,0,0,0,With collateral,AIR_C
5.25,0,0,0,With collateral,AIR_C
5.333333333333333,0,0,0,With collateral,AIR_C
5.416666666666666,0,0,0,With collateral,AIR_C
5.5,0,0,0,With collateral,AIR_C
5.583333333333333,0,0,0,With collateral,AIR_C
5.666666666666666,0,0,0,With collateral,AIR_C
5.75,0,0,0,With collateral,AIR_C
5.833333333333333,0,0,0,With collateral,AIR_C
5.916666666666666,0,0,0,With collateral,AIR_C
6,0,0,0,With collateral,AIR_C
6.083333333333333,0,0,0,With collateral,AIR_C
6.166666666666666,0,0,0,With collateral,AIR_C
6.25,0,0,0,With collateral,AIR_C
6.333333333333333,0,0,0,With collateral,AIR_C
6.416666666666666,0,0,0,With collateral,AIR_C
6.5,0,0,0,With collateral,AIR_C
6.583333333333333,0,0,0,With collateral,AIR_C
6.666666666666666,0,0,0,With collateral,AIR_C
6.75,0,0,0,With collateral,AIR_C
6.833333333333333,0,0,0,With collateral,AIR_C
6.916666666666666,0,0,0,With collateral,AIR_C
7,0,0,0,With collateral,AIR_C
7.083333333333333,0,0,0,With collateral,AIR_C
7.166666666666666,0,0,0,With collateral,AIR_C
7.25,0,0,0,With collateral,AIR_C
7.333333333333333,0,0,0,With collateral,AIR_C
7.416666666666666,0,0,0,With collateral,AIR_C
7.5,0,0,0,With collateral,AIR_C
7.583333333333333,0,0,0,With collateral,AIR_C
7.666666666666666,0,0,0,With collateral,AIR_C
7.75,0,0,0,With collateral,AIR_C
7.833333333333333,0,0,0,With collateral,AIR_C
7.916666666666666,0,0,0,With collateral,AIR_C
8,0,0,0,With collateral,AIR_C
8.083333333333332,0,0,0,With collateral,AIR_C
8.166666666666666,0,0,0,With collateral,AIR_C
8.25,0,0,0,With collateral,AIR_C
8.333333333333332,0,0,0,With collateral,AIR_C
8.416666666666666,0,0,0,With collateral,AIR_C
8.5,0,0,0,With collateral,AIR_C
8.583333333333332,0,0,0,With collateral,AIR_C
8.666666666666666,0,0,0,With collateral,AIR_C
8.75,0,0,0,With collateral,AIR_C
8.833333333333332,0,0,0,With collateral,AIR_C
8.916666666666666,0,0,0,With collateral,AIR_C
9,0,0,0,With collateral,AIR_C
9.083333333333332,0,0,0,With collateral,AIR_C
9.166666666666666,0,0,0,With collateral,AIR_C
9.25,0,0,0,With collateral,AIR_C
9.333333333333332,0,0,0,With collateral,AIR_C
9.416666666666666,0,0,0,With collateral,AIR_C
9.5,0,0,0,With collateral,AIR_C
9.583333333333332,0,0,0,With collateral,AIR_C
9.666666666666666,0,0,0,With collateral,AIR_C
9.75,0,0,0,With collateral,AIR_C
9.833333333333332,0,0,0,With collateral,AIR_C
9.916666666666666,0,0,0,With collateral,AIR_C
10,0,0,0,With collateral,AIR_C
0,2279288.6393736084,2279288.639373378,2279288.6393736084,No collateral,AIR_C
0.08333333333333333,2518940.104256006,5984116.458695496,2510709.1540749106,No collateral,AIR_C
0.16666666666666666,3024558.8053340027,7398745.6099476,3004484.992684963,No collateral,AIR_C
0.25,3335860.370587074,8258681.343312994,3302123.4273276567,No collateral,AIR_C
0.3333333333333333,3535488.4880715576,8600939.588365274,3487478.4138785265,No collateral,AIR_C
0.41666666666666663,3683697.359041515,8814655.232506372,3620821.752714267,No collateral,AIR_C
0.5,3790545.717477913,8936631.894530898,3712410.7952656914,No collateral,AIR_C
0.5833333333333333,3847529.0946469614,9005107.988748213,3754512.42056653,No collateral,AIR_C
0.6666666666666666,3784976.470973144,9007939.70148251,3679802.9036556818,No collateral,AIR_C
0.75,3694777.3168995376,8729842.22914787,3578561.8914639167,No collateral,AIR_C
0.8333333333333333,3629988.4706977876,8722626.719827972,3502443.4656475503,No collateral,AIR_C
0.9166666666666666,3539320.2479695925,8482052.164587371,3401637.6074042907,No collateral,AIR_C
1,3420010.323276594,8270584.353248838,3274150.8640142214,No collateral,AIR_C
1.0833333333333333,3277068.6669584424,7841147.412345638,3125036.7824129392,No collateral,AIR_C
1.1666666666666665,3124434.57450277,7549476.195825746,2967804.993824484,No collateral,AIR_C
1.25,2950386.4359607184,7148642.109959905,2791224.253461092,No collateral,AIR_C
1.3333333333333333,2738802.052831278,6699539.0339435125,2580566.0515564186,No collateral,AIR_C
1.4166666666666665,2498984.0042221127,6139577.292742735,2344978.640072418,No collateral,AIR_C
1.5,2276394.025056268,5605676.247912373,2127372.157517194,No collateral,AIR_C
1.5833333333333333,2007140.4364234344,4987655.486817321,1867957.0866822158,No collateral,AIR_C
1.6666666666666665,1728543.2346269237,4374898.852022247,1601880.910541451,No collateral,AIR_C
1.75,1425058.0412974984,3662828.9020164493,1315068.6745988338,No collateral,AIR_C
1.8333333333333333,1112084.5382548415,2869390.7259865985,1021872.7271493544,No collateral,AIR_C
1.9166666666666665,765362.0576329171,1970211.5915593705,700259.1049558116,No collateral,AIR_C
2,395075.35646038677,1032407.8276794091,359862.42334172723,No collateral,AIR_C
2.083333333333333,0,0,0,No collateral,AIR_C
2.1666666666666665,0,0,0,No collateral,AIR_C
2.25,0,0,0,No collateral,AIR_C
2.333333333333333,0,0,0,No collateral,AIR_C
2.4166666666666665,0,0,0,No collateral,AIR_C
2.5,0,0,0,No collateral,AIR_C
2.583333333333333,0,0,0,No collateral,AIR_C
2.6666666666666665,0,0,0,No collateral,AIR_C
2.75,0,0,0,No collateral,AIR_C
2.833333333333333,0,0,0,No collateral,AIR_C
2.9166666666666665,0,0,0,No collateral,AIR_C
3,0,0,0,No collateral,AIR_C
3.083333333333333,0,0,0,No collateral,AIR_C
3.1666666666666665,0,0,0,No collateral,AIR_C
3.25,0,0,0,No collateral,AIR_C
3.333333333333333,0,0,0,No collateral,AIR_C
3.4166666666666665,0,0,0,No collateral,AIR_C
3.5,0,0,0,No collateral,AIR_C
3.583333333333333,0,0,0,No collateral,AIR_C
3.6666666666666665,0,0,0,No collateral,AIR_C
3.75,0,0,0,No collateral,AIR_C
3.833333333333333,0,0,0,No collateral,AIR_C
3.9166666666666665,0,0,0,No collateral,AIR_C
4,0,0,0,No collateral,AIR_C
4.083333333333333,0,0,0,No collateral,AIR_C
4.166666666666666,0,0,0,No collateral,AIR_C
4.25,0,0,0,No collateral,AIR_C
4.333333333333333,0,0,0,No collateral,AIR_C
4.416666666666666,0,0,0,No collateral,AIR_C
4.5,0,0,0,No collateral,AIR_C
4.583333333333333,0,0,0,No collateral,AIR_C
4.666666666666666,0,0,0,No collateral,AIR_C
4.75,0,0,0,No collateral,AIR_C
4.833333333333333,0,0,0,No collateral,AIR_C
4.916666666666666,0,0,0,No collateral,AIR_C
5,0,0,0,No collateral,AIR_C
5.083333333333333,0,0,0,No collateral,AIR_C
5.166666666666666,0,0,0,No collateral,AIR_C
5.25,0,0,0,No collateral,AIR_C
5.333333333333333,0,0,0,No collateral,AIR_C
5.416666666666666,0,0,0,No collateral,AIR_C
5.5,0,0,0,No collateral,AIR_C
5.583333333333333,0,0,0,No collateral,AIR_C
5.666666666666666,0,0,0,No collateral,AIR_C
5.75,0,0,0,No collateral,AIR_C
5.833333333333333,0,0,0,No collateral,AIR_C
5.916666666666666,0,0,0,No collateral,AIR_C
6,0,0,0,No collateral,AIR_C
6.083333333333333,0,0,0,No collateral,AIR_C
6.166666666666666,0,0,0,No collateral,AIR_C
6.25,0,0,0,No collateral,AIR_C
6.333333333333333,0,0,0,No collateral,AIR_C
6.416666666666666,0,0,0,No collateral,AIR_C
6.5,0,0,0,No collateral,AIR_C
6.583333333333333,0,0,0,No collateral,AIR_C
6.666666666666666,0,0,0,No collateral,AIR_C
6.75,0,0,0,No collateral,AIR_C
6.833333333333333,0,0,0,No collateral,AIR_C
6.916666666666666,0,0,0,No collateral,AIR_C
7,0,0,0,No collateral,AIR_C
7.083333333333333,0,0,0,No collateral,AIR_C
7.166666666666666,0,0,0,No collateral,AIR_C
7.25,0,0,0,No collateral,AIR_C
7.333333333333333,0,0,0,No collateral,AIR_C
7.416666666666666,0,0,0,No collateral,AIR_C
7.5,0,0,0,No collateral,AIR_C
7.583333333333333,0,0,0,No collateral,AIR_C
7.666666666666666,0,0,0,No collateral,AIR_C
7.75,0,0,0,No collateral,AIR_C
7.833333333333333,0,0,0,No collateral,AIR_C
7.916666666666666,0,0,0,No collateral,AIR_C
8,0,0,0,No collateral,AIR_C
8.083333333333332,0,0,0,No collateral,AIR_C
8.166666666666666,0,0,0,No collateral,AIR_C
8.25,0,0,0,No collateral,AIR_C
8.333333333333332,0,0,0,No collateral,AIR_C
8.416666666666666,0,0,0,No collateral,AIR_C
8.5,0,0,0,No collateral,AIR_C
8.583333333333332,0,0,0,No collateral,AIR_C
8.666666666666666,0,0,0,No collateral,AIR_C
8.75,0,0,0,No collateral,AIR_C
8.833333333333332,0,0,0,No collateral,AIR_C
8.916666666666666,0,0,0,No collateral,AIR_C
9,0,0,0,No collateral,AIR_C
9.083333333333332,0,0,0,No collateral,AIR_C
9.166666666666666,0,0,0,No collateral,AIR_C
9.25,0,0,0,No collateral,AIR_C
9.333333333333332,0,0,0,No collateral,AIR_C
9.416666666666666,0,0,0,No collateral,AIR_C
9.5,0,0,0,No collateral,AIR_C
9.583333333333332,0,0,0,No collateral,AIR_C
9.666666666666666,0,0,0,No collateral,AIR_C
9.75,0,0,0,No collateral,AIR_C
9.833333333333332,0,0,0,No collateral,AIR_C
9.916666666666666,0,0,0,No collateral,AIR_C
10,0,0,0,No collateral,AIR_C
0,0,0,0,With collateral,FUND_D
0.08333333333333333,713582.7679793992,3938103.191171769,711262.1337994462,With collateral,FUND_D
0.16666666666666666,1310224.004747777,5816581.044021554,1301562.4381979562,With collateral,FUND_D
0.25,1670046.690624275,6401735.022006919,1653212.9838397263,With collateral,FUND_D
0.3333333333333333,1867952.172572551,6510067.733008108,1842650.1933214783,With collateral,FUND_D
0.41666666666666663,2056629.7755965504,6733691.008534875,2021580.8191983388,With collateral,FUND_D
0.5,2190722.0288849883,6739669.554329049,2145600.3647829085,With collateral,FUND_D
0.5833333333333333,2269391.782697816,6763584.646341371,2214627.0586219667,With collateral,FUND_D
0.6666666666666666,2256933.050893535,6671362.078074383,2194311.197848097,With collateral,FUND_D
0.75,2236838.0316377203,6448613.703633595,2166598.3784562694,With collateral,FUND_D
0.8333333333333333,2224155.122115378,6418503.091995451,2146124.4321262045,With collateral,FUND_D
0.9166666666666666,2186566.003393782,6238742.543677921,2101592.2363407863,With collateral,FUND_D
1,2111812.6242134213,5981192.254762996,2021854.6828136055,With collateral,FUND_D
1.0833333333333333,1999384.9406898117,5766596.802712904,1906749.284166732,With collateral,FUND_D
1.1666666666666665,1848033.0710694743,5377667.96915866,1755544.243187685,With collateral,FUND_D
1.25,1608500.3284334228,4848286.137376901,1521878.1699559707,With collateral,FUND_D
1.3333333333333333,1280717.8265836749,3879528.7388926167,1206857.1815919655,With collateral,FUND_D
1.4166666666666665,895763.4348739897,2696963.6472573304,840659.5858610017,With collateral,FUND_D
1.5,481283.34268040926,1427321.9646945654,449823.75387057924,With collateral,FUND_D
1.5833333333333333,0,0,0,With collateral,FUND_D
1.6666666666666665,0,0,0,With collateral,FUND_D
1.75,0,0,0,With collateral,FUND_D
1.8333333333333333,0,0,0,With collateral,FUND_D
1.9166666666666665,0,0,0,With collateral,FUND_D
2,0,0,0,With collateral,FUND_D
2.083333333333333,0,0,0,With collateral,FUND_D
2.1666666666666665,0,0,0,With collateral,FUND_D
2.25,0,0,0,With collateral,FUND_D
2.333333333333333,0,0,0,With collateral,FUND_D
2.4166666666666665,0,0,0,With collateral,FUND_D
2.5,0,0,0,With collateral,FUND_D
2.583333333333333,0,0,0,With collateral,FUND_D
2.6666666666666665,0,0,0,With collateral,FUND_D
2.75,0,0,0,With collateral,FUND_D
2.833333333333333,0,0,0,With collateral,FUND_D
2.9166666666666665,0,0,0,With collateral,FUND_D
3,0,0,0,With collateral,FUND_D
3.083333333333333,0,0,0,With collateral,FUND_D
3.1666666666666665,0,0,0,With collateral,FUND_D
3.25,0,0,0,With collateral,FUND_D
3.333333333333333,0,0,0,With collateral,FUND_D
3.4166666666666665,0,0,0,With collateral,FUND_D
3.5,0,0,0,With collateral,FUND_D
3.583333333333333,0,0,0,With collateral,FUND_D
3.6666666666666665,0,0,0,With collateral,FUND_D
3.75,0,0,0,With collateral,FUND_D
3.833333333333333,0,0,0,With collateral,FUND_D
3.9166666666666665,0,0,0,With collateral,FUND_D
4,0,0,0,With collateral,FUND_D
4.083333333333333,0,0,0,With collateral,FUND_D
4.166666666666666,0,0,0,With collateral,FUND_D
4.25,0,0,0,With collateral,FUND_D
4.333333333333333,0,0,0,With collateral,FUND_D
4.416666666666666,0,0,0,With collateral,FUND_D
4.5,0,0,0,With collateral,FUND_D
4.583333333333333,0,0,0,With collateral,FUND_D
4.666666666666666,0,0,0,With collateral,FUND_D
4.75,0,0,0,With collateral,FUND_D
4.833333333333333,0,0,0,With collateral,FUND_D
4.916666666666666,0,0,0,With collateral,FUND_D
5,0,0,0,With collateral,FUND_D
5.083333333333333,0,0,0,With collateral,FUND_D
5.166666666666666,0,0,0,With collateral,FUND_D
5.25,0,0,0,With collateral,FUND_D
5.333333333333333,0,0,0,With collateral,FUND_D
5.416666666666666,0,0,0,With collateral,FUND_D
5.5,0,0,0,With collateral,FUND_D
5.583333333333333,0,0,0,With collateral,FUND_D
5.666666666666666,0,0,0,With collateral,FUND_D
5.75,0,0,0,With collateral,FUND_D
5.833333333333333,0,0,0,With collateral,FUND_D
5.916666666666666,0,0,0,With collateral,FUND_D
6,0,0,0,With collateral,FUND_D
6.083333333333333,0,0,0,With collateral,FUND_D
6.166666666666666,0,0,0,With collateral,FUND_D
6.25,0,0,0,With collateral,FUND_D
6.333333333333333,0,0,0,With collateral,FUND_D
6.416666666666666,0,0,0,With collateral,FUND_D
6.5,0,0,0,With collateral,FUND_D
6.583333333333333,0,0,0,With collateral,FUND_D
6.666666666666666,0,0,0,With collateral,FUND_D
6.75,0,0,0,With collateral,FUND_D
6.833333333333333,0,0,0,With collateral,FUND_D
6.916666666666666,0,0,0,With collateral,FUND_D
7,0,0,0,With collateral,FUND_D
7.083333333333333,0,0,0,With collateral,FUND_D
7.166666666666666,0,0,0,With collateral,FUND_D
7.25,0,0,0,With collateral,FUND_D
7.333333333333333,0,0,0,With collateral,FUND_D
7.416666666666666,0,0,0,With collateral,FUND_D
7.5,0,0,0,With collateral,FUND_D
7.583333333333333,0,0,0,With collateral,FUND_D
7.666666666666666,0,0,0,With collateral,FUND_D
7.75,0,0,0,With collateral,FUND_D
7.833333333333333,0,0,0,With collateral,FUND_D
7.916666666666666,0,0,0,With collateral,FUND_D
8,0,0,0,With collateral,FUND_D
8.083333333333332,0,0,0,With collateral,FUND_D
8.166666666666666,0,0,0,With collateral,FUND_D
8.25,0,0,0,With collateral,FUND_D
8.333333333333332,0,0,0,With collateral,FUND_D
8.416666666666666,0,0,0,With collateral,FUND_D
8.5,0,0,0,With collateral,FUND_D
8.583333333333332,0,0,0,With collateral,FUND_D
8.666666666666666,0,0,0,With collateral,FUND_D
8.75,0,0,0,With collateral,FUND_D
8.833333333333332,0,0,0,With collateral,FUND_D
8.916666666666666,0,0,0,With collateral,FUND_D
9,0,0,0,With collateral,FUND_D
9.083333333333332,0,0,0,With collateral,FUND_D
9.166666666666666,0,0,0,With collateral,FUND_D
9.25,0,0,0,With collateral,FUND_D
9.333333333333332,0,0,0,With collateral,FUND_D
9.416666666666666,0,0,0,With collateral,FUND_D
9.5,0,0,0,With collateral,FUND_D
9.583333333333332,0,0,0,With collateral,FUND_D
9.666666666666666,0,0,0,With collateral,FUND_D
9.75,0,0,0,With collateral,FUND_D
9.833333333333332,0,0,0,With collateral,FUND_D
9.916666666666666,0,0,0,With collateral,FUND_D
10,0,0,0,With collateral,FUND_D
0,0,0,0,No collateral,FUND_D
0.08333333333333333,713175.2482736724,3938103.191171769,710856.0429654698,No collateral,FUND_D
0.16666666666666666,1367732.381099082,6200797.1214863565,1358697.25352961,No collateral,FUND_D
0.25,1850018.2406510734,7612150.470542823,1831396.2102813988,No collateral,FUND_D
0.3333333333333333,2149912.2307846514,8181525.152729195,2120851.7658204627,No collateral,FUND_D
0.41666666666666663,2397844.2296656775,8560464.69198055,2357071.3645731593,No collateral,FUND_D
0.5,2590305.2271520356,8780392.598169183,2537064.389220164,No collateral,FUND_D
0.5833333333333333,2694082.1604387765,8869171.985156983,2629162.2836010503,No collateral,FUND_D
0.6666666666666666,2678400.267154852,8829715.333077941,2604182.6596437334,No collateral,FUND_D
0.75,2617745.0967232278,8395510.138078569,2535653.5384413735,No collateral,FUND_D
0.8333333333333333,2547639.5971339415,8274367.2096438,2458393.64235511,No collateral,FUND_D
0.9166666666666666,2469113.29557684,7790454.052350833,2373326.7671147184,No collateral,FUND_D
1,2315411.4817946274,7301453.771160005,2216916.8293879335,No collateral,FUND_D
1.0833333333333333,2121451.864402183,6513501.917126347,2023254.150984727,No collateral,FUND_D
1.1666666666666665,1902361.0927782704,5803606.503091876,1807200.6939810964,No collateral,FUND_D
1.25,1620972.1774999192,4903598.354743496,1533693.384110523,No collateral,FUND_D
1.3333333333333333,1280974.6576766565,3879528.7388926167,1207098.9409095177,No collateral,FUND_D
1.4166666666666665,895763.4348739897,2696963.6472573304,840659.5858610017,No collateral,FUND_D
1.5,481283.34268040926,1427321.9646945654,449823.75387057924,No collateral,FUND_D
1.5833333333333333,0,0,0,No collateral,FUND_D
1.6666666666666665,0,0,0,No collateral,FUND_D
1.75,0,0,0,No collateral,FUND_D
1.8333333333333333,0,0,0,No collateral,FUND_D
1.9166666666666665,0,0,0,No collateral,FUND_D
2,0,0,0,No collateral,FUND_D
2.083333333333333,0,0,0,No collateral,FUND_D
2.1666666666666665,0,0,0,No collateral,FUND_D
2.25,0,0,0,No collateral,FUND_D
2.333333333333333,0,0,0,No collateral,FUND_D
2.4166666666666665,0,0,0,No collateral,FUND_D
2.5,0,0,0,No collateral,FUND_D
2.583333333333333,0,0,0,No collateral,FUND_D
2.6666666666666665,0,0,0,No collateral,FUND_D
2.75,0,0,0,No collateral,FUND_D
2.833333333333333,0,0,0,No collateral,FUND_D
2.9166666666666665,0,0,0,No collateral,FUND_D
3,0,0,0,No collateral,FUND_D
3.083333333333333,0,0,0,No collateral,FUND_D
3.1666666666666665,0,0,0,No collateral,FUND_D
3.25,0,0,0,No collateral,FUND_D
3.333333333333333,0,0,0,No collateral,FUND_D
3.4166666666666665,0,0,0,No collateral,FUND_D
3.5,0,0,0,No collateral,FUND_D
3.583333333333333,0,0,0,No collateral,FUND_D
3.6666666666666665,0,0,0,No collateral,FUND_D
3.75,0,0,0,No collateral,FUND_D
3.833333333333333,0,0,0,No collateral,FUND_D
3.9166666666666665,0,0,0,No collateral,FUND_D
4,0,0,0,No collateral,FUND_D
4.083333333333333,0,0,0,No collateral,FUND_D
4.166666666666666,0,0,0,No collateral,FUND_D
4.25,0,0,0,No collateral,FUND_D
4.333333333333333,0,0,0,No collateral,FUND_D
4.416666666666666,0,0,0,No collateral,FUND_D
4.5,0,0,0,No collateral,FUND_D
4.583333333333333,0,0,0,No collateral,FUND_D
4.666666666666666,0,0,0,No collateral,FUND_D
4.75,0,0,0,No collateral,FUND_D
4.833333333333333,0,0,0,No collateral,FUND_D
4.916666666666666,0,0,0,No collateral,FUND_D
5,0,0,0,No collateral,FUND_D
5.083333333333333,0,0,0,No collateral,FUND_D
5.166666666666666,0,0,0,No collateral,FUND_D
5.25,0,0,0,No collateral,FUND_D
5.333333333333333,0,0,0,No collateral,FUND_D
5.416666666666666,0,0,0,No collateral,FUND_D
5.5,0,0,0,No collateral,FUND_D
5.583333333333333,0,0,0,No collateral,FUND_D
5.666666666666666,0,0,0,No collateral,FUND_D
5.75,0,0,0,No collateral,FUND_D
5.833333333333333,0,0,0,No collateral,FUND_D
5.916666666666666,0,0,0,No collateral,FUND_D
6,0,0,0,No collateral,FUND_D
6.083333333333333,0,0,0,No collateral,FUND_D
6.166666666666666,0,0,0,No collateral,FUND_D
6.25,0,0,0,No collateral,FUND_D
6.333333333333333,0,0,0,No collateral,FUND_D
6.416666666666666,0,0,0,No collateral,FUND_D
6.5,0,0,0,No collateral,FUND_D
6.583333333333333,0,0,0,No collateral,FUND_D
6.666666666666666,0,0,0,No collateral,FUND_D
6.75,0,0,0,No collateral,FUND_D
6.833333333333333,0,0,0,No collateral,FUND_D
6.916666666666666,0,0,0,No collateral,FUND_D
7,0,0,0,No collateral,FUND_D
7.083333333333333,0,0,0,No collateral,FUND_D
7.166666666666666,0,0,0,No collateral,FUND_D
7.25,0,0,0,No collateral,FUND_D
7.333333333333333,0,0,0,No collateral,FUND_D
7.416666666666666,0,0,0,No collateral,FUND_D
7.5,0,0,0,No collateral,FUND_D
7.583333333333333,0,0,0,No collateral,FUND_D
7.666666666666666,0,0,0,No collateral,FUND_D
7.75,0,0,0,No collateral,FUND_D
7.833333333333333,0,0,0,No collateral,FUND_D
7.916666666666666,0,0,0,No collateral,FUND_D
8,0,0,0,No collateral,FUND_D
8.083333333333332,0,0,0,No collateral,FUND_D
8.166666666666666,0,0,0,No collateral,FUND_D
8.25,0,0,0,No collateral,FUND_D
8.333333333333332,0,0,0,No collateral,FUND_D
8.416666666666666,0,0,0,No collateral,FUND_D
8.5,0,0,0,No collateral,FUND_D
8.583333333333332,0,0,0,No collateral,FUND_D
8.666666666666666,0,0,0,No collateral,FUND_D
8.75,0,0,0,No collateral,FUND_D
8.833333333333332,0,0,0,No collateral,FUND_D
8.916666666666666,0,0,0,No collateral,FUND_D
9,0,0,0,No collateral,FUND_D
9.083333333333332,0,0,0,No collateral,FUND_D
9.166666666666666,0,0,0,No collateral,FUND_D
9.25,0,0,0,No collateral,FUND_D
9.333333333333332,0,0,0,No collateral,FUND_D
9.416666666666666,0,0,0,No collateral,FUND_D
9.5,0,0,0,No collateral,FUND_D
9.583333333333332,0,0,0,No collateral,FUND_D
9.666666666666666,0,0,0,No collateral,FUND_D
9.75,0,0,0,No collateral,FUND_D
9.833333333333332,0,0,0,No collateral,FUND_D
9.916666666666666,0,0,0,No collateral,FUND_D
10,0,0,0,No collateral,FUND_D
