factor,horizon,origin,target_date,fc_mean,fc_sd,realised,u
rates,21d,2015-01-30,2015-03-03,0.0018,4.126550309400926e-4,0.0026,0.973728948292638
rates,21d,2015-03-31,2015-04-29,0.0026,4.490220228043356e-4,0.0025,0.4118820777809411
rates,21d,2015-04-30,2015-06-01,0.0024,4.557659905969205e-4,0.0026,0.6696046268718798
rates,21d,2015-06-30,2015-07-30,0.0028000000000000004,4.653883508924514e-4,0.0036,0.9571923102544512
rates,21d,2015-07-31,2015-08-31,0.0033,4.759393669603681e-4,0.0039000000000000003,0.8962851768136239
rates,21d,2015-08-31,2015-09-30,0.0039000000000000003,4.978056921886556e-4,0.0033,0.11404577067969143
rates,21d,2015-09-30,2015-10-30,0.0033,5.357071761523129e-4,0.0034000000000000002,0.5740399748284344
rates,21d,2015-10-30,2015-12-02,0.0034000000000000002,5.622217621771872e-4,0.0052,0.9993166280651012
rates,21d,2015-12-31,2016-02-02,0.006500000000000001,6.213142842946096e-4,0.0054,0.03832689028396039
rates,21d,2016-02-29,2016-03-30,0.0062,6.865018845135152e-4,0.0060999999999999995,0.4420925220629603
rates,21d,2016-03-31,2016-04-29,0.0059,7.054553234954042e-4,0.005600000000000001,0.33532457224527557
rates,21d,2016-04-29,2016-05-31,0.005600000000000001,7.20670341095448e-4,0.0068000000000000005,0.9520552317480856
rates,21d,2016-05-31,2016-06-29,0.0068000000000000005,7.319916285978916e-4,0.0046,0.0013257279813991619
rates,21d,2016-06-30,2016-08-01,0.0045000000000000005,7.734656447279738e-4,0.005,0.7410031422467727
rates,21d,2016-08-31,2016-09-30,0.0060999999999999995,7.873241400915801e-4,0.0059,0.3997381293222149
rates,21d,2016-09-30,2016-11-01,0.0059,7.944906028653309e-4,0.006500000000000001,0.7749357687123021
rates,21d,2016-11-30,2016-12-30,0.008,8.148367394295474e-4,0.0085,0.730266719216623
rates,21d,2016-12-30,2017-02-01,0.0085,8.260681954325267e-4,0.0083,0.4043471698092924
rates,21d,2017-02-28,2017-03-29,0.0088,8.518589988525726e-4,0.0104,0.9698261792342846
rates,21d,2017-03-31,2017-05-02,0.0103,8.685739746827336e-4,0.0108,0.7175762093706716
rates,21d,2017-05-31,2017-06-29,0.011699999999999999,8.896809889494553e-4,0.0123,0.7499711718092098
rates,21d,2017-06-30,2017-08-01,0.0124,8.928321271078981e-4,0.012199999999999999,0.41137620984049206
rates,21d,2017-08-31,2017-10-02,0.0123,9.025020438430848e-4,0.0131,0.812305612071957
rates,21d,2017-10-31,2017-11-30,0.0143,9.150519655761445e-4,0.016200000000000003,0.9810708124122305
rates,21d,2017-11-30,2018-01-02,0.016200000000000003,9.223077683158387e-4,0.0183,0.9886038182326845
rates,21d,2018-01-31,2018-03-02,0.019,9.346110321455333e-4,0.0206,0.9565463330662852
rates,21d,2018-03-29,2018-04-30,0.0209,9.384312617961272e-4,0.022400000000000003,0.9450243670095029
rates,21d,2018-04-30,2018-05-30,0.022400000000000003,9.401825969153596e-4,0.0223,0.45764744480707686
rates,21d,2018-05-31,2018-06-29,0.0223,9.657263716526523e-4,0.0233,0.8497799327839777
rates,21d,2018-06-29,2018-07-31,0.0233,9.70006259466562e-4,0.024399999999999998,0.8716055155810716
rates,21d,2018-07-31,2018-08-29,0.024399999999999998,9.722985935834203e-4,0.0248,0.6596090001803918
rates,21d,2018-08-31,2018-10-02,0.0246,9.610456387334192e-4,0.026099999999999998,0.9407145222273795
rates,21d,2018-10-31,2018-12-03,0.0269,9.35765530248249e-4,0.027200000000000002,0.6257406276356112
rates,21d,2018-12-31,2019-01-31,0.0263,9.112058840498699e-4,0.0255,0.18998340344398065
rates,21d,2019-01-31,2019-03-04,0.0255,9.107643181388012e-4,0.0254,0.45628483241452616
rates,21d,2019-03-29,2019-04-30,0.024,8.917262727526818e-4,0.0239,0.45535539375623535
rates,21d,2019-04-30,2019-05-30,0.0239,8.873097739081215e-4,0.0229,0.12987079144123387
rates,21d,2019-05-31,2019-07-01,0.022099999999999998,8.986087903563375e-4,0.0194,0.0013294569263204907
rates,21d,2019-07-31,2019-08-29,0.02,9.472556166993482e-4,0.0175,0.0041550584073254395
rates,21d,2019-08-30,2019-10-01,0.0176,0.0010225039995168407,0.0173,0.38460921186375746
rates,21d,2019-10-31,2019-12-03,0.015300000000000001,0.001076858398100227,0.015700000000000002,0.6448491325942005
rates,21d,2019-12-31,2020-01-31,0.0159,0.0010729037926334585,0.014499999999999999,0.09596855461404818
rates,21d,2020-01-31,2020-03-03,0.014499999999999999,0.001066454162337845,0.0073,7.324039906661928e-12
rates,21d,2020-03-31,2020-04-30,0.0017000000000000001,0.0012717297919110336,0.0016,0.4686622470066466
rates,21d,2020-04-30,2020-06-01,0.0016,0.0012771575735137763,0.0017000000000000001,0.5312048434565192
rates,21d,2020-06-30,2020-07-30,0.0016,0.0012651726508392804,0.0011,0.34634654733258186
rates,21d,2020-07-31,2020-08-31,0.0011,0.0012611071191577462,0.0012,0.5316011695381625
rates,21d,2020-08-31,2020-09-30,0.0012,0.0012602145509174976,0.0012,0.5
rates,21d,2020-09-30,2020-10-30,0.0012,0.0012579659043549234,0.0013,0.5316799136468138
rates,21d,2020-10-30,2020-12-02,0.0013,0.0012493440313967941,0.0011,0.4364074492114545
rates,21d,2020-12-31,2021-02-02,0.001,0.0012353004169389234,8e-4,0.43569075150482567
rates,21d,2021-02-26,2021-03-29,8e-4,0.0012146241201343641,6e-4,0.43460580372932944
rates,21d,2021-03-31,2021-04-29,7.000000000000001e-4,0.0012090052489858996,5e-4,0.4343046389723873
rates,21d,2021-04-30,2021-06-01,5e-4,0.0011983851037213917,4e-4,0.46674860374111
rates,21d,2021-06-30,2021-07-30,7.000000000000001e-4,0.0011698624025111115,7.000000000000001e-4,0.5
rates,21d,2021-07-30,2021-08-30,7.000000000000001e-4,0.0011645758564663817,8e-4,0.5342143934687646
rates,21d,2021-08-31,2021-09-30,7.000000000000001e-4,0.0011619980183638892,9e-4,0.568327356868893
rates,21d,2021-09-30,2021-11-01,9e-4,0.001156414114245105,0.0015,0.6980656789512044
rates,21d,2021-11-30,2021-12-30,0.0024,0.0011589577776443688,0.0038,0.8864728846825907
rates,21d,2021-12-31,2022-02-01,0.0039000000000000003,0.0011670582935948007,0.0078000000000000005,0.9995837180520085
rates,21d,2022-02-28,2022-03-29,0.0101,0.0013044052129743834,0.0167,0.9999997901268805
rates,21d,2022-03-31,2022-05-02,0.0163,0.0014224494671585836,0.021,0.9995236920074121
rates,21d,2022-05-31,2022-06-30,0.0208,0.0015121446924755712,0.027999999999999997,0.9999990389611474
rates,21d,2022-06-30,2022-08-01,0.027999999999999997,0.0017445443482558476,0.0298,0.8489142892030124
rates,21d,2022-08-31,2022-09-30,0.035,0.0017974368941590714,0.0405,0.9988929924556865
rates,21d,2022-09-30,2022-11-01,0.0405,0.0018783768727537033,0.0475,0.9999029683013516
rates,21d,2022-11-30,2022-12-30,0.047400000000000005,0.0019579708602684783,0.0473,0.47963356260855494
rates,21d,2022-12-30,2023-02-01,0.0473,0.0019910032135437654,0.0466,0.36257605114632574
rates,21d,2023-02-28,2023-03-29,0.050199999999999995,0.0020259358410958657,0.045899999999999996,0.01689889715324094
rates,21d,2023-03-31,2023-05-01,0.0464,0.00247505804507737,0.048600000000000004,0.8129629989276888
rates,21d,2023-05-31,2023-06-30,0.0518,0.0025875776300005155,0.054000000000000006,0.8023975065978953
rates,21d,2023-06-30,2023-08-01,0.054000000000000006,0.0026133969763809943,0.0538,0.46949922150976536
rates,21d,2023-08-31,2023-10-02,0.0537,0.002637883675816832,0.054900000000000004,0.6754130517831123
rates,21d,2023-10-31,2023-11-30,0.054400000000000004,0.002653232641842408,0.0516,0.14564031460324306
rates,21d,2023-11-30,2024-01-02,0.0516,0.002680175005266675,0.048,0.08960427919249947
rates,21d,2024-01-31,2024-03-01,0.0473,0.0027431619022762438,0.049400000000000006,0.7780249537946459
rates,21d,2024-03-28,2024-04-29,0.050300000000000004,0.0027735941908389175,0.052000000000000005,0.7300364118226584
rates,21d,2024-04-30,2024-05-30,0.0525,0.0027924525856123394,0.0519,0.4149363320958591
rates,21d,2024-05-31,2024-07-02,0.0518,0.0028005589380915965,0.0507,0.347241455618334
rates,21d,2024-07-31,2024-08-29,0.0473,0.0028246354162743794,0.0438,0.10765461003207667
rates,21d,2024-08-30,2024-10-01,0.0438,0.002898321986523151,0.039599999999999996,0.073652824712213
rates,21d,2024-10-31,2024-12-03,0.042699999999999995,0.0029509677131511706,0.042699999999999995,0.5
rates,21d,2024-12-31,2025-01-31,0.0416,0.002962296181620823,0.0417,0.5134647752317594
rates,21d,2025-01-31,2025-03-04,0.0417,0.0029625626717307346,0.0404,0.3303998669185573
rates,21d,2025-03-31,2025-04-30,0.0403,0.00288000189993437,0.0385,0.26598566435338167
rates,21d,2025-04-30,2025-05-30,0.0385,0.0028910563472077217,0.041100000000000005,0.8157602816767352
rates,21d,2025-05-30,2025-07-01,0.041100000000000005,0.002876423652592786,0.0398,0.325652460167747
rates,21d,2025-07-31,2025-08-29,0.040999999999999995,0.002701719066137038,0.0383,0.15880926550868762
rates,21d,2025-08-29,2025-09-30,0.0383,0.0027063497355709234,0.0368,0.2897031664995505
rates,21d,2025-09-30,2025-10-30,0.0368,0.0026647456267695864,0.037000000000000005,0.5299141535185519
rates,21d,2025-10-31,2025-12-03,0.037000000000000005,0.002615376692935945,0.035699999999999996,0.3095732543712213
rates,21d,2025-12-31,2026-02-02,0.0348,0.002566636087415561,0.0349,0.5155394593344486
rates,21d,2026-02-27,2026-03-30,0.0348,0.002537838666042131,0.0371,0.8176069552733619
rates,21d,2026-03-31,2026-04-29,0.0368,0.0020472793352483134,0.0375,0.6337933941134094
rates,21d,2026-04-30,2026-06-01,0.037200000000000004,0.001964268435928449,0.0383,0.712261961121763
rates,21d,2026-06-30,2026-07-30,0.0398,0.0018472963784822009,0.0404,0.6273333959162686
rates,21d,2026-07-31,2026-08-31,0.0408,0.0018477451599589526,0.0416,0.6674781354759024
fx,21d,2015-01-30,2015-03-03,0.12133228516752496,0.022084530634550237,0.11439954030849614,0.3767914329667227
fx,21d,2015-03-31,2015-04-29,0.07148310162186432,0.022556658213587304,0.1110045580429113,0.9601214473033953
fx,21d,2015-04-30,2015-06-01,0.10993005937219621,0.023142259193720628,0.08736964613690704,0.1648153862105202
fx,21d,2015-06-30,2015-07-30,0.10921308497331624,0.024330527602750136,0.08746127576999445,0.18565745430399058
fx,21d,2015-07-31,2015-08-31,0.09785240016750463,0.02434567216489024,0.1127928274751221,0.730286260002909
fx,21d,2015-08-31,2015-09-30,0.1127928274751221,0.024647082970989338,0.10993005937219621,0.45376667995251285
fx,21d,2015-09-30,2015-10-30,0.10993005937219621,0.02465385167043205,0.09912109086780725,0.3305375909409787
fx,21d,2015-10-30,2015-12-02,0.09912109086780725,0.024821847116084927,0.0557184887563437,0.04018315865982436
fx,21d,2015-12-31,2016-02-02,0.0824091362407178,0.0257862577843072,0.0869113719892964,0.5693023421632083
fx,21d,2016-02-29,2016-03-29,0.08323759857005561,0.02615053423804771,0.11368576440381646,0.877857282743239
fx,21d,2016-03-31,2016-04-29,0.1301506844650451,0.02635238110747025,0.13461830172476105,0.5673115751435049
fx,21d,2016-04-29,2016-05-31,0.13461830172476105,0.026342061432321748,0.1075082077152852,0.15170315668733614
fx,21d,2016-05-31,2016-06-29,0.1075082077152852,0.026193390757145264,0.10589037525743217,0.47537502340313603
fx,21d,2016-06-30,2016-08-01,0.09821504749695496,0.026490961839970135,0.11118352896061494,0.68777156107504
fx,21d,2016-08-31,2016-09-30,0.10849559615329896,0.02637267679008821,0.1167157996959607,0.6223634331456963
fx,21d,2016-09-30,2016-11-01,0.1167157996959607,0.026269163624247985,0.09912109086780725,0.25149722136571584
fx,21d,2016-11-30,2016-12-30,0.05619127964974256,0.026241400830166586,0.05373032242096771,0.4626413745282029
fx,21d,2016-12-30,2017-02-02,0.05373032242096771,0.026810789126057312,0.07714620917665374,0.8087707837812432
fx,21d,2017-02-28,2017-03-29,0.05996558116743413,0.02715348304612538,0.07287864541257245,0.6828054553625236
fx,21d,2017-03-31,2017-05-01,0.06747171511501275,0.02724510585089702,0.08727800810706056,0.7663769156621623
fx,21d,2017-05-31,2017-06-29,0.1165378162479515,0.02753693845825778,0.1327811112338184,0.7223620831519425
fx,21d,2017-06-30,2017-08-01,0.13199270945849695,0.027697462758496296,0.16542968912373646,0.8863266232292843
fx,21d,2017-08-31,2017-10-02,0.17344897829035627,0.028096064306455587,0.1608425251168305,0.32682726349841806
fx,21d,2017-10-31,2017-12-01,0.1525493984602845,0.028069976111078854,0.1747932903731631,0.7859491644623704
fx,21d,2017-12-29,2018-01-31,0.18415321162292456,0.027760207944770833,0.2173668985367552,0.8842394027924745
fx,21d,2018-01-31,2018-03-02,0.2173668985367552,0.02747084986518549,0.20815173349497273,0.3686418882759291
fx,21d,2018-03-30,2018-04-30,0.208638865111328,0.026841874312567734,0.18846928738018875,0.22619933140231382
fx,21d,2018-04-30,2018-05-30,0.18846928738018875,0.026350905298140156,0.15392208227225673,0.09492139275651064
fx,21d,2018-05-31,2018-06-29,0.15443635330441896,0.02573394262218258,0.1550360020995321,0.5092952570104237
fx,21d,2018-06-29,2018-07-31,0.1550360020995321,0.02508282827176393,0.15751643787498354,0.5393871146694642
fx,21d,2018-07-31,2018-08-29,0.15751643787498354,0.024686647193845723,0.15691827507141873,0.4903344880019629
fx,21d,2018-08-31,2018-10-02,0.14807511806536336,0.02395680178722532,0.14496577025018564,0.44836637805292623
fx,21d,2018-10-31,2018-12-03,0.12504548897422443,0.023259518050619907,0.12716114561667902,0.5362373152989407
fx,21d,2018-12-31,2019-02-01,0.13592851722424407,0.022162524610119663,0.1374985131856336,0.5282375006141007
fx,21d,2019-02-28,2019-03-29,0.12918445838082582,0.021373690868851297,0.1158255655055904,0.26598036903585554
fx,21d,2019-03-29,2019-04-29,0.1158255655055904,0.020858069550205444,0.11028835389412306,0.3953233415490309
fx,21d,2019-04-30,2019-05-30,0.11341796703555683,0.020693721369295953,0.10795714150509236,0.3959330966746232
fx,21d,2019-05-31,2019-07-01,0.10876471479138874,0.020444226699558195,0.12283690995906242,0.7543747407516704
fx,21d,2019-07-31,2019-08-29,0.10705907229340778,0.01961679258975951,0.10065948309917734,0.3721251157518344
fx,21d,2019-08-30,2019-10-01,0.09430967947074131,0.019536059186990418,0.08910917507177585,0.3950424842233244
fx,21d,2019-10-31,2019-12-03,0.10930273489045009,0.019422148664384582,0.10336853297703312,0.379978266339147
fx,21d,2019-12-31,2020-01-31,0.11573649848259676,0.01827948082852011,0.1027370774511123,0.238496182645899
fx,21d,2020-01-31,2020-03-03,0.1027370774511123,0.01757660913761494,0.1110940475055868,0.6827703395866458
fx,21d,2020-03-31,2020-04-29,0.09676366843230796,0.018599135394407537,0.08185644646983214,0.2114208895560373
fx,21d,2020-04-30,2020-06-01,0.08929210747876178,0.018731545842238392,0.10642994361584661,0.819882767740838
fx,21d,2020-06-30,2020-07-30,0.11662681193171956,0.01867887843145999,0.16475143560049063,0.9950085253167998
fx,21d,2020-07-31,2020-08-31,0.167377109408132,0.018540692720221793,0.17814618538347404,0.7193240358124406
fx,21d,2020-08-31,2020-09-30,0.17814618538347404,0.018528564410034646,0.15896763109564546,0.15031567718443284
fx,21d,2020-09-30,2020-10-30,0.15896763109564546,0.018466261246897382,0.15246354312646918,0.36233864084631906
fx,21d,2020-10-30,2020-12-03,0.15246354312646918,0.018462271984838068,0.1949086722994261,0.9892480930005902
fx,21d,2020-12-31,2021-02-03,0.20130685670503537,0.018273098198802875,0.1844027229977791,0.17746135042185254
fx,21d,2021-02-26,2021-03-29,0.19004167980909278,0.018041176225560493,0.16373319198260172,0.0723862616189381
fx,21d,2021-03-31,2021-04-29,0.16067222538889833,0.01798133356043181,0.19144646457095527,0.956501403494393
fx,21d,2021-04-30,2021-06-01,0.18481843699254188,0.01788401426295664,0.20220588009932972,0.8345328749410093
fx,21d,2021-06-30,2021-07-30,0.16957398397145204,0.01775580605875052,0.1709235118415852,0.5302923912576266
fx,21d,2021-07-30,2021-08-30,0.1709235118415852,0.01762003352963207,0.16509061986559267,0.3703080773102876
fx,21d,2021-08-31,2021-09-30,0.16551443847757333,0.017376513048037667,0.14643527822954566,0.13610539940229957
fx,21d,2021-09-30,2021-11-01,0.14643527822954566,0.01723105925663554,0.14764384191256227,0.527958358270622
fx,21d,2021-11-30,2021-12-30,0.12106652797944362,0.01735644489668825,0.12380928572628633,0.5627815762682279
fx,21d,2021-12-30,2022-02-01,0.12380928572628633,0.01722173792006895,0.11680477954208426,0.34210509867524563
fx,21d,2022-02-28,2022-03-29,0.11546924980611419,0.01764442594435762,0.10472031077040306,0.27119678998621777
fx,21d,2022-03-31,2022-04-29,0.10372918576247685,0.018293399888535358,0.052307779623344944,0.0024699519413626646
fx,21d,2022-04-29,2022-05-31,0.052307779623344944,0.018525770317499874,0.07055165595094465,0.8376348314522704
fx,21d,2022-05-31,2022-06-30,0.07055165595094465,0.01902660174444227,0.04583341634317215,0.09694776167279268
fx,21d,2022-06-30,2022-08-01,0.04583341634317215,0.019534783865649448,0.026641930946421092,0.1629449379039973
fx,21d,2022-08-31,2022-09-30,0.0064789660977090735,0.02027291310259458,-0.021938907518753964,0.08049261657195056
fx,21d,2022-09-30,2022-11-01,-0.021938907518753964,0.020908891500820623,-0.012983927558294786,0.6657784482866926
fx,21d,2022-11-30,2022-12-30,0.031789322489407336,0.022291896410455515,0.06747171511501275,0.9452770869232274
fx,21d,2022-12-30,2023-02-01,0.06747171511501275,0.022507389334645894,0.08773611430408668,0.8160314676271928
fx,21d,2023-02-28,2023-03-29,0.05845756957156869,0.022981535988974126,0.07936555538074047,0.8185289376054645
fx,21d,2023-03-31,2023-05-01,0.08360558385479686,0.0227161124996678,0.09257918129309317,0.6535904628782561
fx,21d,2023-05-31,2023-06-30,0.06335031550076162,0.02248951647288969,0.08801087732271337,0.8635778356482298
fx,21d,2023-06-30,2023-08-01,0.08801087732271337,0.02244446860394681,0.09267033484130814,0.5822291014321497
fx,21d,2023-08-31,2023-10-02,0.08056564783956725,0.022487442281723613,0.04879016416943205,0.07882310455301832
fx,21d,2023-10-31,2023-12-01,0.055245474225978475,0.02251664432719074,0.08415730800672341,0.9004326154625022
fx,21d,2023-12-29,2024-01-31,0.10093071857844066,0.02292728529392617,0.0820407103362094,0.20499549006902779
fx,21d,2024-01-31,2024-03-01,0.0820407103362094,0.02304933627596511,0.07991962317587344,0.4633395711316492
fx,21d,2024-03-29,2024-04-29,0.07612736038755084,0.022804879585500752,0.06924617273681441,0.3814244130093839
fx,21d,2024-04-30,2024-05-30,0.06616220225366877,0.022896545290857707,0.08038111194681256,0.7327024164313847
fx,21d,2024-05-31,2024-07-02,0.08121125542482323,0.02278649820105339,0.07111062745795285,0.32878432306830496
fx,21d,2024-07-31,2024-08-29,0.07908840631896372,0.022731934767942556,0.10309795800356729,0.8545624002909732
fx,21d,2024-08-30,2024-10-01,0.10074990310014315,0.022834512019489123,0.1013826142886026,0.5110526972792049
fx,21d,2024-10-31,2024-12-03,0.0820407103362094,0.02290248191097829,0.05050298217310683,0.08424930301071704
fx,21d,2024-12-31,2025-01-31,0.034498040407567356,0.023131383110495646,0.03922071315328133,0.5808886300384407
fx,21d,2025-01-31,2025-03-04,0.03922071315328133,0.023400010849403175,0.05202302806715181,0.7078474642958801
fx,21d,2025-03-31,2025-04-29,0.07659060216171244,0.023204586382278077,0.13067732364161613,0.990119718550356
fx,21d,2025-04-30,2025-05-30,0.1265445413249562,0.02368849700995849,0.1263682988148067,0.49703189526036656
fx,21d,2025-05-30,2025-07-01,0.1263682988148067,0.0236033388624133,0.16347846899247473,0.9420528273427732
fx,21d,2025-07-31,2025-08-29,0.13374387004959568,0.023008609474536337,0.15657630704209666,0.8394849300294434
fx,21d,2025-08-29,2025-09-30,0.15657630704209666,0.022805385737472563,0.15999073630894114,0.559507355444333
fx,21d,2025-09-30,2025-10-30,0.15999073630894114,0.022460925426777457,0.14531173116005403,0.2567056555902991
fx,21d,2025-10-31,2025-12-03,0.14332081944422198,0.0218156725527765,0.15357908792830058,0.6809027621015543
fx,21d,2025-12-31,2026-02-02,0.1600759478466349,0.02077901404843058,0.16610748293092706,0.6141953526126358
fx,21d,2026-02-27,2026-03-30,0.167377109408132,0.020462221706686583,0.13575392097761985,0.06111962546995436
fx,21d,2026-03-31,2026-04-29,0.1413259360904349,0.020100094489705424,0.15657630704209666,0.7759903705865236
fx,21d,2026-04-30,2026-06-01,0.15947931454532238,0.019920041173465537,0.1504868332739362,0.3258402472257087
fx,21d,2026-06-30,2026-07-30,0.13251837970014438,0.019765516782775536,0.1416731583161456,0.6783784546604427
fx,21d,2026-07-31,2026-08-31,0.1414127529503236,0.0196208253828171,0.14988444953729202,0.66704594452147
oil,21d,2015-01-30,2015-03-05,3.91415853648203,0.10359297864545565,3.927108642846187,0.5497419849044779
oil,21d,2015-03-31,2015-04-30,3.911045301831708,0.10465655698753615,4.087991088249925,0.954555631816074
oil,21d,2015-04-30,2015-06-01,4.117696070438177,0.104404646315198,4.098336583491638,0.42644689133027724
oil,21d,2015-06-30,2015-07-30,4.114758031237146,0.10411381352059647,3.882182163417125,0.012746084824162925
oil,21d,2015-07-31,2015-08-31,3.8921530745509436,0.10513932449404512,3.8958936234982624,0.5141902032765913
oil,21d,2015-08-31,2015-09-30,3.931651830845387,0.10600377163680426,3.8079949350040985,0.12169951078708419
oil,21d,2015-09-30,2015-10-29,3.8449642762664764,0.10621992862957182,3.82907608460722,0.4405486822436294
oil,21d,2015-10-30,2015-12-01,3.880094438049132,0.10579615190529715,3.7032753343976688,0.04732935688780039
oil,21d,2015-12-31,2016-02-02,3.6472790865930396,0.10757010555811813,3.3978584803966405,0.010206208516890615
oil,21d,2016-02-29,2016-03-30,3.514960539982515,0.11097388589773724,3.608482517041907,0.8003126724936843
oil,21d,2016-03-31,2016-04-29,3.63934253698922,0.11101032212484298,3.8282065193350356,0.9555584592071031
oil,21d,2016-04-29,2016-05-31,3.8546648090858135,0.11113838582926913,3.893859034800475,0.637828873203911
oil,21d,2016-05-31,2016-06-29,3.91556742646076,0.11112547307950302,3.9090184964078474,0.47650283514304376
oil,21d,2016-06-30,2016-08-01,3.9002138695533968,0.11116909884514278,3.6901286735143684,0.029393660784938686
oil,21d,2016-08-31,2016-09-30,3.821862925606427,0.11158742411415132,3.8653505972297153,0.6516276029770882
oil,21d,2016-09-30,2016-10-31,3.885437478272791,0.11183564288017069,3.8465240231954505,0.3639380506504829
oil,21d,2016-10-31,2016-11-30,3.8661052253212023,0.11200014443961838,3.9001528328576587,0.6194345702575046
oil,21d,2016-11-30,2016-12-30,3.9180710216605306,0.11234424548768068,3.984343667007772,0.7223734653207325
oil,21d,2016-12-30,2017-02-01,4.000832460679189,0.1121684738841559,3.9871304779149512,0.4513879809156126
oil,21d,2017-02-28,2017-03-29,4.0044938881320995,0.11190627654539971,3.901366425239617,0.17838112965494396
oil,21d,2017-03-31,2017-05-02,3.9420390415411926,0.11196570634312279,3.863882630100211,0.24257645322204138
oil,21d,2017-05-31,2017-06-29,3.8968371314949657,0.11183003363133336,3.803992261214441,0.20320381858649195
oil,21d,2017-06-30,2017-08-02,3.8485182947495877,0.1119355363080413,3.903990833730882,0.6899031223587567
oil,21d,2017-08-31,2017-10-02,3.873286969923342,0.11197407124603403,3.923753928303845,0.6738978957014061
oil,21d,2017-10-31,2017-11-30,4.0075678768000165,0.11184391459027307,4.050044303325521,0.6479467789484296
oil,21d,2017-11-30,2018-01-02,4.058994762325663,0.11174944323004123,4.100492292808335,0.6448094858477966
oil,21d,2018-01-31,2018-03-02,4.174066796435808,0.11122434337271415,4.113983777474449,0.29453070741030757
oil,21d,2018-03-29,2018-04-30,4.174427793157613,0.1109363198001898,4.227709274289524,0.6844890037002956
oil,21d,2018-04-30,2018-05-30,4.227766968341467,0.1109896474624778,4.223030903183424,0.4829818055259261
oil,21d,2018-05-31,2018-06-29,4.20390980323975,0.11057430638220628,4.305820308668628,0.821643698156839
oil,21d,2018-06-29,2018-07-31,4.299954575453672,0.1105393022373835,4.246779485265856,0.3152399708406415
oil,21d,2018-07-31,2018-08-29,4.2426385710470536,0.11039297485895828,4.243913332544247,0.5046066786164635
oil,21d,2018-08-31,2018-10-02,4.241084532057776,0.10964284732936849,4.319619174545265,0.763089816657694
oil,21d,2018-10-31,2018-12-03,4.17873503187218,0.1094965035294386,3.9699144838439238,0.028253957887338765
oil,21d,2018-12-28,2019-01-31,3.8264274349273006,0.10822104169325367,3.9860166853364722,0.9298480236934142
oil,21d,2019-01-31,2019-03-04,3.9964108580308753,0.10653928150295285,4.036008985209137,0.6449330679074752
oil,21d,2019-03-29,2019-04-30,4.1068728305218,0.10018580185191212,4.156223299267966,0.6888486470017366
oil,21d,2019-04-30,2019-05-30,4.164317881839375,0.09759438389660766,4.033709523684745,0.09040301339481714
oil,21d,2019-05-31,2019-07-01,3.9934719820680367,0.09560097333228117,4.076010855533596,0.8060325665813771
oil,21d,2019-07-31,2019-08-29,4.07766127801747,0.09383536212086514,4.037244970181528,0.33333776723711184
oil,21d,2019-08-30,2019-10-01,4.016865868689419,0.09428524156331942,3.9815490680767565,0.35398865411876757
oil,21d,2019-10-31,2019-12-03,3.9977961715451387,0.09472236991150063,4.0280266811844525,0.6251930757760482
oil,21d,2019-12-31,2020-01-31,4.117244745411711,0.0941077487907966,3.9431340004531985,0.03214803857486091
oil,21d,2020-01-31,2020-03-03,3.9517089670256693,0.09414040842617832,3.855875844805145,0.15434355560464477
oil,21d,2020-03-31,2020-04-30,3.021195253534134,0.11692967417493659,2.9564715596006885,0.28995140946034226
oil,21d,2020-04-30,2020-06-01,2.981136152431389,0.13992398682028082,3.569250966658405,0.9999868359167309
oil,21d,2020-06-30,2020-07-30,3.700337247856934,0.13939701917108532,3.685122405236224,0.45654273176975446
oil,21d,2020-07-31,2020-08-31,3.719853473272446,0.13942186987952127,3.7520889675118205,0.5914235109006569
oil,21d,2020-08-31,2020-09-30,3.7770723348661677,0.13892108371342587,3.6901286735143684,0.2657068998140561
oil,21d,2020-09-30,2020-10-29,3.7172522961641725,0.13931319137193862,3.581850881355413,0.16554492843138902
oil,21d,2020-10-30,2020-12-02,3.6046666520598416,0.1399223694888717,3.8117605834897517,0.930571791735799
oil,21d,2020-12-31,2021-02-02,3.8940345518102966,0.13962202233712578,4.00314259879563,0.7827319426388095
oil,21d,2021-02-26,2021-03-29,4.119799476204355,0.13944152564227608,4.118874559965378,0.497353833543038
oil,21d,2021-03-31,2021-04-30,4.082527644645935,0.13982146077014657,4.151039905898646,0.6879324065182919
oil,21d,2021-04-30,2021-06-01,4.147944273898452,0.13982864388866006,4.216562194946349,0.6881908084109072
oil,21d,2021-06-30,2021-07-30,4.281652596109636,0.13922945954743815,4.3031186995690085,0.5612652601448461
oil,21d,2021-07-30,2021-08-30,4.287223748500409,0.13915088134867976,4.2381562642541795,0.36218640019748505
oil,21d,2021-08-31,2021-09-30,4.215918183134058,0.13924169331014125,4.32041715304219,0.7735190352732962
oil,21d,2021-09-30,2021-10-29,4.304292573422573,0.13900384946796163,4.42484663185681,0.8071033291557684
oil,21d,2021-10-29,2021-12-01,4.403275370937906,0.13898507162018162,4.181133692294492,0.05498664232691743
oil,21d,2021-12-31,2022-02-01,4.303541728274553,0.1387906238488233,4.479833694676794,0.8979934499755459
oil,21d,2022-02-28,2022-03-29,4.530483521833817,0.1391613620259615,4.646791860678911,0.7983607726475834
oil,21d,2022-03-31,2022-05-02,4.569825382540404,0.14077785188186612,4.655673168161198,0.7290062647603819
oil,21d,2022-05-31,2022-06-30,4.692302624799,0.14195933109721146,4.679906532102109,0.46520800767260667
oil,21d,2022-06-30,2022-08-01,4.640206383483024,0.14239995419537732,4.570475216191205,0.3121782952946234
oil,21d,2022-08-31,2022-09-30,4.4716591236897365,0.14252545560311897,4.380901001386372,0.2621323345784923
oil,21d,2022-09-30,2022-10-31,4.358442373615746,0.1425008358542329,4.460606734796738,0.7632940331345255
oil,21d,2022-10-31,2022-11-30,4.432830242226085,0.1428618085605252,4.388008706351429,0.3768590674097657
oil,21d,2022-11-30,2022-12-30,4.3661718586889835,0.14306762318661898,4.384024637336554,0.5496533545651832
oil,21d,2022-12-30,2023-02-01,4.3621951604741716,0.14309629680700317,4.3351970473170836,0.42517536361137354
oil,21d,2023-02-28,2023-03-29,4.321691079188531,0.1431024137272584,4.289774274968795,0.4117542491405651
oil,21d,2023-03-31,2023-05-02,4.307117396283516,0.14336465874143758,4.272630207894483,0.4049497372291113
oil,21d,2023-05-31,2023-06-30,4.2093696871750925,0.14354255535845717,4.257879641930999,0.6322989052783168
oil,21d,2023-06-30,2023-08-01,4.242751065754196,0.143689748328744,4.3990066547085656,0.8615812724452845
oil,21d,2023-08-31,2023-10-02,4.393778644761818,0.14351761930702353,4.486499256270413,0.7408788895565726
oil,21d,2023-10-31,2023-12-01,4.371849501074034,0.14365499986450728,4.300002799195291,0.30849048074925334
oil,21d,2023-12-29,2024-01-31,4.256035235084444,0.1439280834848693,4.3344107807322185,0.7069672981199886
oil,21d,2024-01-31,2024-03-01,4.308723261101269,0.14392077190703717,4.393213824064446,0.7214193086382339
oil,21d,2024-03-28,2024-04-29,4.394487356044641,0.1439040102876113,4.433907256550871,0.6079315260252732
oil,21d,2024-04-30,2024-05-30,4.389029187734984,0.14382569535395934,4.368941395125226,0.44446130542128776
oil,21d,2024-05-31,2024-07-02,4.326213676194166,0.14364650732851666,4.431887653844806,0.7690290367364251
oil,21d,2024-07-31,2024-08-29,4.33983569805857,0.14348050289064018,4.3425058765115985,0.507423904811906
oil,21d,2024-08-30,2024-10-01,4.282690977900305,0.1434849044188295,4.254335298531042,0.42167066779992984
oil,21d,2024-10-31,2024-12-03,4.221494348250103,0.14376645876027871,4.25063580654847,0.5803152305488709
oil,21d,2024-12-31,2025-02-03,4.260203655352169,0.14414011294130355,4.297557478047431,0.602240011772716
oil,21d,2025-02-28,2025-03-31,4.232959690772455,0.14294962112010662,4.274858931480352,0.615279031096146
oil,21d,2025-03-31,2025-04-30,4.257796571063571,0.14254348380706386,4.0868162958013095,0.11516765599961233
oil,21d,2025-04-30,2025-05-30,4.088755672838653,0.1423220806061961,4.1183865567023386,0.5824620230945999
oil,21d,2025-05-30,2025-07-01,4.11597008212201,0.14235232124232539,4.1993049978585875,0.7208650136574744
oil,21d,2025-07-31,2025-08-29,4.2387473694017945,0.1425695114279389,4.1644923221241825,0.3012412118396612
oil,21d,2025-08-29,2025-09-30,4.1600554467252735,0.14217529227010628,4.145829504910609,0.46014867489913747
oil,21d,2025-09-30,2025-10-30,4.143419260376028,0.14142931046530627,4.116758157059,0.42523770701278407
oil,21d,2025-10-31,2025-12-03,4.122771150961638,0.14119673189457554,4.079061705357583,0.3784462128776307
oil,21d,2025-12-31,2026-02-02,4.057677402074347,0.14035352676791982,4.120661870539474,0.6731961104281312
oil,21d,2026-02-27,2026-03-30,4.198704282687506,0.13752829748710224,4.651003602331263,0.9994968738625996
oil,21d,2026-03-31,2026-04-30,4.579835908339912,0.13946660518130682,4.688039663810386,0.7810782357608129
oil,21d,2026-04-30,2026-06-01,4.6279907755046965,0.14066102712731451,4.563931437971494,0.3244048521675765
oil,21d,2026-06-30,2026-07-30,4.245737400948048,0.1411689854504963,4.444414407108697,0.9203411605518241
oil,21d,2026-07-31,2026-08-31,4.423405177460201,0.14163832902247325,4.466252886801422,0.6188702235018194
rates,63d,2015-01-30,2015-04-30,0.0018,7.117758322006565e-4,0.0024,0.8003751599532425
rates,63d,2015-04-30,2015-07-30,0.0024,7.861365860652139e-4,0.0036,0.9365513694265214
rates,63d,2015-07-31,2015-10-30,0.0033,8.209330157044652e-4,0.0034000000000000002,0.5484762897476981
rates,63d,2015-10-30,2016-02-03,0.0034000000000000002,9.697588364385715e-4,0.0054,0.9804136632664884
rates,63d,2016-04-29,2016-07-29,0.005600000000000001,0.0012430618635787625,0.005,0.3146617973736073
rates,63d,2016-07-29,2016-10-28,0.005,0.0013461725418731374,0.0066,0.8826925722341016
rates,63d,2016-10-31,2017-02-02,0.0066,0.0013746961575750193,0.0084,0.9047972111283412
rates,63d,2017-04-28,2017-07-28,0.010700000000000001,0.0015205264118847252,0.012199999999999999,0.8380562044171184
rates,63d,2017-07-31,2017-10-30,0.0123,0.0015505111302588674,0.014199999999999999,0.8897881711227809
rates,63d,2017-10-31,2018-02-01,0.0143,0.0015783446837447164,0.0189,0.9982183964974031
rates,63d,2018-04-30,2018-07-30,0.022400000000000003,0.0016216917283559198,0.024300000000000002,0.8793243722931082
rates,63d,2018-07-31,2018-10-30,0.024399999999999998,0.0016770876124271384,0.026600000000000002,0.9052058323426552
rates,63d,2018-10-31,2019-02-05,0.0269,0.0016140728674015146,0.0256,0.2102898510072648
rates,63d,2019-04-30,2019-07-30,0.0239,0.0015304930399235028,0.0197,0.0030328016922716466
rates,63d,2019-07-31,2019-10-30,0.02,0.0016338917602601742,0.0159,0.00604774458719985
rates,63d,2019-10-31,2020-02-04,0.015300000000000001,0.0018574395681639688,0.0148,0.39389259874399196
rates,63d,2020-04-30,2020-07-30,0.0016,0.002202929387939804,0.0011,0.41022333786558185
rates,63d,2020-07-31,2020-10-30,0.0011,0.0021752444582772827,0.0013,0.536628610182504
rates,63d,2020-10-30,2021-02-03,0.0013,0.0021549546739476778,8e-4,0.4082599033902697
rates,63d,2021-04-30,2021-07-30,5e-4,0.002067057204064466,7.000000000000001e-4,0.5385398806912379
rates,63d,2021-07-30,2021-10-29,7.000000000000001e-4,0.002008740684703998,0.0015,0.6547805334402731
rates,63d,2021-10-29,2022-02-01,0.0015,0.0019967991309770925,0.0078000000000000005,0.9991976454777621
rates,63d,2022-04-29,2022-08-01,0.021,0.0025380962973465208,0.0298,0.9997370110640572
rates,63d,2022-10-31,2023-02-02,0.0466,0.0033262939014765437,0.0464,0.47602725177436916
rates,63d,2023-04-28,2023-07-31,0.048,0.004350367320846796,0.0537,0.9049416884985372
rates,63d,2023-07-31,2023-10-30,0.0537,0.0045360525410046825,0.0541,0.5351341472444259
rates,63d,2023-10-31,2024-02-01,0.054400000000000004,0.004576478487047674,0.046799999999999994,0.048390321576754484
rates,63d,2024-04-30,2024-07-31,0.0525,0.004816614639295767,0.0473,0.14016096452267165
rates,63d,2024-07-31,2024-10-30,0.0473,0.004872125803245133,0.042800000000000005,0.17784171555505626
rates,63d,2024-10-31,2025-02-04,0.042699999999999995,0.005090032454082386,0.0418,0.4298263970498141
rates,63d,2025-04-30,2025-07-31,0.0385,0.004986693201788459,0.040999999999999995,0.6919320408488359
rates,63d,2025-07-31,2025-10-30,0.040999999999999995,0.00466011121272685,0.037000000000000005,0.19534999654554203
rates,63d,2025-10-31,2026-02-04,0.037000000000000005,0.004511181937832563,0.0349,0.320783162799103
rates,63d,2026-04-30,2026-07-31,0.037200000000000004,0.003388105550205751,0.0408,0.8560048514038668
fx,63d,2015-01-30,2015-04-30,0.12133228516752496,0.03825152912035235,0.10993005937219621,0.3828189579368899
fx,63d,2015-04-30,2015-07-30,0.10993005937219621,0.040083568725452094,0.08746127576999445,0.28755269010650875
fx,63d,2015-07-31,2015-10-30,0.09785240016750463,0.04216794113400528,0.09912109086780725,0.5120010130605018
fx,63d,2015-10-30,2016-02-03,0.09912109086780725,0.04299270034276611,0.09993582861259946,0.5075597456700239
fx,63d,2016-04-29,2016-07-29,0.13461830172476105,0.045625788776881865,0.11046745302597098,0.29829017475411124
fx,63d,2016-07-29,2016-10-28,0.11046745302597098,0.04562576005657377,0.08929210747876178,0.3212846725323473
fx,63d,2016-10-31,2017-02-03,0.09184965362987904,0.0453486885534329,0.07622002591140901,0.3651770795224637
fx,63d,2017-04-28,2017-07-28,0.08571887540253743,0.04747433382094079,0.161608515196413,0.945038617281701
fx,63d,2017-07-31,2017-10-30,0.16771540440459254,0.04830764593814958,0.1506588762851132,0.36201373269106
fx,63d,2017-10-31,2018-02-02,0.1525493984602845,0.04861862479163322,0.2188141931529804,0.913550995194814
fx,63d,2018-04-30,2018-07-30,0.18846928738018875,0.045641106801814664,0.15854102812855117,0.2559988165151096
fx,63d,2018-07-31,2018-10-30,0.15751643787498354,0.04275852720826845,0.12786537099789588,0.24401237760230887
fx,63d,2018-10-31,2019-02-07,0.12504548897422443,0.04028666702323909,0.12724920091546352,0.5218115743612093
fx,63d,2019-04-30,2019-07-30,0.11341796703555683,0.03584257680929439,0.10867501662565611,0.4473627185636275
fx,63d,2019-07-31,2019-10-30,0.10705907229340778,0.033977281447004126,0.10642994361584661,0.49261354417828046
fx,63d,2019-10-31,2020-02-04,0.10930273489045009,0.03364014827887011,0.09921165007094813,0.3820994578398837
fx,63d,2020-04-30,2020-07-30,0.08929210747876178,0.032443989103062454,0.16475143560049063,0.9899862919946413
fx,63d,2020-07-31,2020-10-30,0.167377109408132,0.032113421798946565,0.15246354312646918,0.32117955560673417
fx,63d,2020-10-30,2021-02-08,0.15246354312646918,0.031977593100895034,0.1860645430727889,0.85331719493251
fx,63d,2021-04-30,2021-07-30,0.18481843699254188,0.03097602134672737,0.1709235118415852,0.32687080849803696
fx,63d,2021-07-30,2021-10-29,0.1709235118415852,0.030518793304389925,0.14427348915642474,0.1912679987164982
fx,63d,2021-10-29,2022-02-02,0.14427348915642474,0.029914174067348847,0.12212913323306343,0.22957021673464487
fx,63d,2022-04-29,2022-08-01,0.052307779623344944,0.0320875754392612,0.026641930946421092,0.21189342422293583
fx,63d,2022-10-31,2023-02-02,-0.011566636371465405,0.03732283672848434,0.08782771036552027,0.9961287491790213
fx,63d,2023-04-28,2023-07-31,0.09893994785490365,0.039044684133202064,0.09712671073072282,0.4814797574076533
fx,63d,2023-07-31,2023-10-30,0.09712671073072282,0.03910143739999904,0.060153922819747144,0.17218631337519072
fx,63d,2023-10-31,2024-02-02,0.055245474225978475,0.0389999719906519,0.07575661239924632,0.7005305349242669
fx,63d,2024-04-30,2024-07-31,0.06616220225366877,0.039657979761567465,0.07908840631896372,0.627765907977191
fx,63d,2024-07-31,2024-10-30,0.07908840631896372,0.039372865972417945,0.08286947782229466,0.5382525869536289
fx,63d,2024-10-31,2025-02-04,0.0820407103362094,0.03966826228924156,0.037199440989106304,0.12915244676256538
fx,63d,2025-04-30,2025-07-31,0.1265445413249562,0.04102968037619154,0.13374387004959568,0.5696433997921195
fx,63d,2025-07-31,2025-10-30,0.13374387004959568,0.03985208062140758,0.14531173116005403,0.6141951337114467
fx,63d,2025-10-31,2026-02-04,0.14332081944422198,0.03778585326269473,0.1657686434528862,0.723770734581323
fx,63d,2026-04-30,2026-07-31,0.15947931454532238,0.03450252340130627,0.1414127529503236,0.300267902589996
oil,63d,2015-01-30,2015-05-05,3.996240560783522,0.16400758124028822,4.100657924278693,0.737827422691554
oil,63d,2015-07-31,2015-10-29,3.9623078687934643,0.16843836007217086,3.82907608460722,0.21447712079209177
oil,63d,2015-10-30,2016-02-02,3.9485317291678483,0.17002864565510561,3.3978584803966405,6.003607576259026e-4
oil,63d,2016-04-29,2016-07-29,3.903166756570534,0.18199719700428374,3.726656818447966,0.1660606923609629
oil,63d,2016-07-29,2016-10-27,3.796177199566753,0.1846695566115308,3.906206120106581,0.7243506409056215
oil,63d,2016-10-31,2017-02-01,3.9023542511160945,0.18453350695282925,3.9871304779149512,0.6770295095143777
oil,63d,2017-04-28,2017-07-31,3.953053787488794,0.18386332662745924,3.916214210046614,0.42059798626306905
oil,63d,2017-07-31,2017-10-27,3.9646568509222515,0.1843607648564564,3.987501466604052,0.5493077488117807
oil,63d,2017-10-31,2018-02-01,4.029714106385225,0.1845060882096845,4.188441885601216,0.8051839592704267
oil,63d,2018-04-30,2018-07-30,4.227873354390336,0.18242079987136964,4.265352359115782,0.5813911153077572
oil,63d,2018-07-31,2018-10-29,4.235142427589013,0.17937936658060075,4.204692619390966,0.43260302283383373
oil,63d,2018-10-31,2019-02-06,4.177994136237791,0.1776944396674793,3.987872317711584,0.1423238806886625
oil,63d,2019-04-30,2019-07-31,4.17911832539801,0.15956312028558586,4.069539443303129,0.24612229567309568
oil,63d,2019-07-31,2019-10-29,4.092798768320052,0.155264092071636,4.01349597435878,0.30475932096358227
oil,63d,2019-10-31,2020-02-04,4.013597736832825,0.15715675217006084,3.9037892005010426,0.24236357501530986
oil,63d,2020-04-30,2020-07-30,3.0283733693332584,0.23556933684113318,3.685122405236224,0.997347637731412
oil,63d,2020-07-31,2020-10-29,3.771125300603353,0.22579593945600787,3.581850881355413,0.2009439456181959
oil,63d,2020-10-30,2021-02-03,3.661230168317086,0.2275770090732673,4.019441402195416,0.9422588258605239
oil,63d,2021-04-30,2021-07-30,4.142445952258812,0.22459208018510685,4.3031186995690085,0.7628184567204485
oil,63d,2021-07-30,2021-10-28,4.259201272511909,0.2225036113926135,4.416186486320586,0.7597628979503112
oil,63d,2021-10-29,2022-02-01,4.364890622269449,0.22348665896718803,4.479833694676794,0.6964849430190432
oil,63d,2022-04-29,2022-08-01,4.533960359942596,0.22620939801046402,4.570475216191205,0.5641189276359939
oil,63d,2022-10-31,2023-02-01,4.383972138044526,0.2281259947575924,4.3351970473170836,0.41534851605536816
oil,63d,2023-04-28,2023-07-31,4.282286653802441,0.2274310989470112,4.404277243608702,0.7041536909016429
oil,63d,2023-07-31,2023-10-30,4.327941077150189,0.22741212748918205,4.419201988273939,0.6559010550564934
oil,63d,2023-10-31,2024-02-02,4.319601221410611,0.22595974425631277,4.286616449869223,0.44197004171900567
oil,63d,2024-04-30,2024-07-31,4.328501337806115,0.22475054722788496,4.373994462976618,0.5802042714553755
oil,63d,2024-07-31,2024-10-30,4.282716359784738,0.22242476253303795,4.232801305369117,0.41121789727813834
oil,63d,2024-10-31,2025-02-05,4.186678650547632,0.22188464567811128,4.268157803514369,0.6432703092690476
oil,63d,2025-04-30,2025-07-31,4.092016158288152,0.22131141844960237,4.253624919869357,0.7673759202872001
oil,63d,2025-07-31,2025-10-30,4.213678732941039,0.22198403858664872,4.116758157059,0.3311969006979921
oil,63d,2025-10-31,2026-02-04,4.122229201794822,0.21937917103863575,4.1675950239616935,0.5819137849433466
oil,63d,2026-04-30,2026-07-31,4.529475169242877,0.2157095568002831,4.456206032848133,0.36705414960555305
