date,ticker,return,z
2008-09-17,GLD,0.1129,7.5
2008-09-29,SPY,-0.0784,-5.7
2008-09-29,XLE,-0.1189,-5.2
2008-10-09,XLE,-0.144,-5.7
2008-10-13,SPY,0.1452,8.9
2008-10-13,XLE,0.1647,6.1
2008-10-15,SPY,-0.0984,-5.2
2008-10-28,SPY,0.1169,5.6
2008-11-20,TLT,0.0517,5.4
2011-05-05,USO,-0.0911,-5.1
2011-08-04,SPY,-0.0468,-5.5
2011-08-04,XLE,-0.0686,-5.5
2011-08-08,SPY,-0.0651,-7.2
2011-08-08,XLE,-0.0851,-6.4
2012-06-14,UNG,0.1495,5.9
2013-04-12,GLD,-0.047,-5.7
2013-04-15,GLD,-0.0878,-10.1
2014-01-29,UNG,0.1055,5.5
2014-11-28,USO,-0.0832,-7.8
2014-11-28,XLE,-0.0642,-6.7
2015-08-24,SPY,-0.0421,-5.3
2016-11-09,TLT,-0.0424,-5.4
2018-02-05,SPY,-0.0418,-9.1
2018-02-08,SPY,-0.0375,-6.8
2018-11-14,UNG,0.189,9.8
2018-11-15,UNG,-0.1913,-8.4
2019-09-16,USO,0.1215,5.7
2020-02-27,SPY,-0.0449,-5.6
2020-03-02,SPY,0.0433,5
2020-03-06,TLT,0.052,6.4
2020-03-09,SPY,-0.0781,-8
2020-03-09,USO,-0.2532,-12.1
2020-03-09,XLE,-0.2014,-14.3
2020-03-10,TLT,-0.0513,-5.7
2020-03-12,SPY,-0.0957,-8.1
2020-03-12,XLE,-0.1247,-6.4
2020-03-13,SPY,0.0855,6.4
2020-03-16,SPY,-0.1094,-7.6
2020-03-16,TLT,0.0648,6.5
2020-03-16,XLE,-0.1361,-6.2
2020-03-17,TLT,-0.0667,-6.2
2020-03-18,USO,-0.1751,-6
2020-03-18,XLE,-0.1436,-6.1
2020-03-20,TLT,0.0752,6.2
2020-03-24,SPY,0.0906,5.4
2020-03-24,GLD,0.0485,5.1
2020-03-24,XLE,0.1604,6.3
2020-04-21,USO,-0.2507,-6.5
2020-08-03,UNG,0.1696,5.7
2021-11-26,USO,-0.1118,-6.1
2022-03-09,USO,-0.1166,-5.5
2025-04-03,SPY,-0.0493,-5.6
2025-04-03,XLE,-0.0785,-6.6
2025-04-04,SPY,-0.0585,-6.3
2025-04-04,XLE,-0.092,-7.2
2025-04-09,SPY,0.105,10.5
2025-04-09,XLE,0.0774,5.5
2025-10-21,GLD,-0.0643,-5.5
2026-01-20,UNG,0.1975,5.6
2026-01-30,GLD,-0.1027,-7.8
2026-02-02,UNG,-0.2485,-6.5
2026-03-06,USO,0.1294,6.2
