scenario,type,total_pnl,SPY,TLT,GLD,USO,UNG,XLE,multiple_of_var,pct_of_gross
2008 Lehman / GFC,Historical,-1762359.550378764,-1592616.3644875323,323236.65315409156,-27796.241147428624,-771996.5589547924,-111599.28336429936,418412.24442119664,14.362390618771899,-0.16021450457988765
2020 COVID crash,Historical,-1328483.9877790376,-1348690.685229077,427027.770398998,-36168.32780291424,-845259.394288873,-86060.2146728413,560666.8638156703,10.826511513593033,-0.12077127161627614
Rates +100bp (bear steepener),Hypothetical,-710000,-240000,-480000,-30000,0,0,40000,5.786161704140598,-0.06454545454545454
2013 Taper tantrum,Historical,-559129.8691126595,-46546.30574395257,-356991.24457621266,-126761.54238921111,6718.320558255719,-44272.03440365973,8722.937442120827,4.556642022958895,-0.050829988101150865
2022 Rates & energy shock,Historical,-537870.5383094683,-920398.8460067518,-659329.9000582809,25901.506344231606,898139.7246405084,489428.3301454572,-371611.3533746328,4.383388606410893,-0.04889732166449712
Equity crash (-20%),Hypothetical,-510000,-800000,240000,50000,-225000,-25000,250000,4.15625699874888,-0.046363636363636364
Energy glut (oil -40%),Hypothetical,-505000,-120000,90000,0,-600000,-125000,250000,4.115509381114087,-0.045909090909090906
2011 US downgrade,Historical,-400690.9953651617,-663397.4010537078,307697.91907304135,70458.62377681433,-285897.7659181053,-48416.31810086766,218863.94685766342,3.26544069376884,-0.036426454124105605
Stagflation,Hypothetical,-375000,-600000,-300000,100000,375000,100000,-50000,3.056071322609471,-0.03409090909090909
2020 Negative WTI (April),Historical,-254903.31684131402,643186.7542278891,45798.9819185598,76212.77766631906,-770547.9250725544,60366.352274421886,-309920.25785594946,2.077340577698068,-0.02317302880375582
2024 August carry unwind,Historical,-160906.5906866917,-242769.39080961933,136673.8227654496,-17965.16119794067,-87213.72717916426,-22156.58726588404,72524.45300046705,1.3113120464438897,-0.014627871880608335
2014-15 Oil price collapse,Historical,6801.490803711233,127493.5607311587,732184.8336572623,-24347.84056169703,-868260.4427338457,-212223.10530986078,251954.48502069374,-0.05542890932323717,6.183173457919302e-4
Oil supply shock (+40%),Hypothetical,235000,-200000,-90000,50000,600000,75000,-200000,-1.9151380288352684,0.021363636363636362
Nat gas spike (+60%),Hypothetical,245000,-80000,0,0,75000,300000,-50000,-1.9966332641048543,0.022272727272727274
